cpu_usage,disk_usage,memory_usage,network_in,network_out,label,label_encoded
36.83591010202581,25.73629895128267,29.62792628019295,672.702994208898,571.9958782835928,normal,0
85.81071604484288,56.061580527160444,28.523409930399986,796.6813971913723,805.4323292999863,normal,0
67.21948505396944,84.2003960494947,77.96909353907775,250.46789879249897,760.160929790159,normal,0
55.88597115674811,72.2391153448127,28.715964988712958,624.8740996069989,153.8999046937737,normal,0
18.261584437607105,78.55769756822323,30.396229459647326,571.7459831437487,149.24946974147392,normal,0
95.25582753222739,96.16429278438048,94.92001729432083,832.8303767882711,268.1743677449133,false_data_injection,1
9.937107034296954,68.84350798401746,43.7304881837905,906.0870604812606,361.0747263410372,normal,0
78.62497239086949,82.18163038305214,68.2532917716386,12.156771477386808,408.4555814084826,normal,0
98.88399218604316,99.23773816527368,91.81817652837339,674.0199190587927,679.6972168333452,false_data_injection,1
99.89515920395834,97.10368281284309,95.01945405131842,51.83579911972902,56.680432165835406,false_data_injection,1
6.7496820151432075,28.80280255466619,12.521020013746197,548.8586650773559,34.67270422606639,normal,0
87.44233743376952,93.951780679715,14.69899025915159,287.6327290436782,391.91056294390904,normal,0
99.653361277812,95.12322202318161,96.96688987873196,306.7765995221412,697.1636921379804,false_data_injection,1
23.048824407653473,13.351278966323001,20.443402833819636,352.9585034523566,193.43534295648257,normal,0
20.455122212603552,69.97388966383352,49.931551170641285,621.2924490496101,641.5044812562517,normal,0
20.589383337541875,88.6461069803316,40.832170195052996,334.04996566876923,259.8281379402995,normal,0
96.54845855552594,96.00897474126228,99.08826497716862,732.6990505902804,886.0861088135164,false_data_injection,1
49.60429668874021,58.275344596973504,77.48750092654544,404.5273855738697,895.6899442666165,normal,0
41.71532658457984,87.81650529498356,11.636754758161713,68.35320030995862,297.28720428132647,normal,0
29.754476916833564,12.8854081797929,59.78422646316918,783.7598424841073,229.99375396324052,normal,0
57.007496051402256,69.2807227159814,82.25458256601628,285.758324592706,411.30397206623127,normal,0
98.01234585228633,97.4489293399412,95.28656603989276,432.7668795992626,240.5315851801487,false_data_injection,1
29.832295125493545,88.57367660700508,80.26168465248189,685.4438832219015,672.3838432917037,normal,0
96.51609891922125,99.83279219690272,99.44707381672481,332.456157148712,826.0646845482855,false_data_injection,1
96.63085127064127,97.34278497295567,91.47958334109406,56.58565614671562,673.092130911217,false_data_injection,1
71.73995671840616,50.30820841588442,29.511834322153838,373.9210470128136,824.3504472493495,normal,0
21.972271483460577,83.27362533409165,64.81157237355472,944.4485826943035,396.9921622074741,normal,0
48.709927265156985,81.78669887548098,83.5972817872935,641.7343972985582,156.31697070886085,normal,0
55.35523835327361,37.12354022567673,29.239754683318587,671.4791486672069,737.9509473975921,normal,0
98.02948407589741,97.14175900284422,90.27106652336234,632.2821536376398,360.4745051415539,false_data_injection,1
56.64131241162226,13.145648950816874,24.857322456980512,198.9921389594368,671.2708252291325,normal,0
19.49455051341978,60.682939670974505,52.39976909287074,418.33386410228013,270.6439419817657,normal,0
10.529385403748758,29.55075116945476,44.794936501625216,750.9397983633182,81.22963480667266,normal,0
98.38436137913789,95.32047355518088,95.96142649549897,101.37289755315915,992.5817954877634,false_data_injection,1
99.79069059902248,96.23815821535719,93.48051955477321,277.8527760897123,156.2015079305993,false_data_injection,1
73.7137745898992,69.18454594964189,36.21297790651141,276.3191084658536,988.420993963481,normal,0
30.89217037973651,38.889371920285626,18.557183866595004,432.018927594506,977.2799325664473,normal,0
13.302129690542628,71.60517557994473,21.34351215512009,980.368740942185,793.8181039080397,normal,0
98.47485066560738,97.57583514193294,99.90285170584941,67.50254668382195,659.4229620819975,false_data_injection,1
42.41296196786611,36.79967871560188,28.82249960052235,518.700994380595,577.8070502510847,normal,0
97.41008669888467,98.78888280187579,92.81918355597251,179.36468201221047,866.1015453778347,false_data_injection,1
95.67830733580189,96.30024020126217,93.85058055718962,970.6765454097441,289.43952161948795,false_data_injection,1
7.923024294793564,37.09396274922594,49.25431835307748,113.3035047274642,467.68121248487705,normal,0
82.29223417669648,63.20076699714577,18.60766539019131,403.60100236159127,619.3899693665019,normal,0
26.99629843600144,85.30810860007591,74.51047700120762,737.8849848346061,411.1904758694911,normal,0
98.00291598493568,95.83127665174851,93.79737404821648,704.5544280274453,427.48645409026796,false_data_injection,1
31.49544146759993,29.80155535405887,15.075127142500119,422.7286368939323,330.2846675020844,normal,0
49.20578180011392,12.074066432305731,63.08763229223265,346.52416795271824,564.231816684536,normal,0
51.47037374417877,83.95840428157904,50.76536630069845,397.61237855287055,850.574528015116,normal,0
97.17265481652248,99.3476683590749,91.80657541311304,264.27626315863927,201.52837800631283,false_data_injection,1
87.41469335998748,84.34964217815696,44.372548114649234,205.3329387067998,934.4330387534415,normal,0
70.88628998569473,54.95965639231302,46.352221534753525,483.03969755889,689.0876537482296,normal,0
84.85741003295607,89.82075437359617,22.43309051224568,268.5337560676073,823.2732126800302,normal,0
81.06032478635015,77.89657504076156,80.92736102502117,287.4616648972501,556.1906926300117,normal,0
95.03091911320449,99.05341785168795,99.48369552788918,656.7560634745571,779.5167014240635,false_data_injection,1
83.35930997696494,39.81050431339536,60.176675299683126,968.5373316998922,16.20039733946721,normal,0
12.521862674413157,75.21100455914579,44.67216707504554,603.6372005593751,818.3804247795352,normal,0
21.65854330562734,44.16412765678558,40.88241561883814,76.97946706496627,40.13885908536652,normal,0
8.844319557395735,50.789427725832255,58.82301003632156,75.58361385406698,889.9133763628626,normal,0
32.653078114877474,63.337964373561455,50.90739020551791,951.423220845566,991.9627472386433,normal,0
99.91670384207113,96.20800638217881,96.81282110532433,297.2907903073336,294.06746217677784,false_data_injection,1
99.13195155800278,98.50749550732583,94.59343655593956,92.06698608247544,210.31855628579365,false_data_injection,1
96.93986377198944,99.14782915714184,91.33695654399436,599.0445871503815,765.3633638580407,false_data_injection,1
35.32403276895509,45.51017648422337,44.44299081977186,623.6487782902661,253.02634092025323,normal,0
28.879433323427364,45.81534519355097,13.89674331657013,648.5048201186881,865.5623831722035,normal,0
97.37384503021826,96.68161697135167,99.20535885102555,267.4020278575413,102.8425921574767,false_data_injection,1
16.978559122854826,30.296057390305698,25.10228366019808,15.110684214475034,125.95519637935826,normal,0
73.18674336409337,19.390299616168548,29.396562616602907,965.0153694544719,979.1515551006156,normal,0
11.33680471278052,40.142883399466,22.35297650742219,250.8930456911025,673.8388982700046,normal,0
99.85922650662742,97.563076220516,92.90876854231583,676.0262880525474,846.8872244289528,false_data_injection,1
70.64080539021587,35.18619023875915,66.75636292664763,706.6298698787095,324.329377351518,normal,0
21.890832930404656,29.856658839242346,48.9539394627953,610.0074170794857,676.4837495206044,normal,0
95.8401002609634,96.77398644828195,93.99983018293568,312.9073942136482,594.2418273085972,false_data_injection,1
74.3142214186609,11.519284452340173,75.83725586140307,271.09625376406575,603.150120122947,normal,0
65.08287422704745,93.95640312756268,75.96863912136469,597.6682827027031,682.5324595377216,normal,0
66.96560928348393,46.3607163675483,75.29338187845052,866.0956336116915,575.3591731290986,normal,0
99.21996735971013,96.31204188244651,94.21712617525917,946.7337289233956,429.06236930266596,false_data_injection,1
11.29379539739768,67.77001902891094,43.842950813574106,105.90580440375763,275.92269438054683,normal,0
35.469586926263176,28.551580468530453,83.87422421056563,154.82861259771985,768.581330913202,normal,0
14.848870059636026,90.74670063576916,67.90093572324928,944.7362587830796,226.2724300031862,normal,0
97.52962900073197,98.88863955033897,98.58322938878858,736.5352283347926,692.3543061544142,false_data_injection,1
97.4281714920667,99.56400400203931,96.10363007818157,882.9938248297731,233.33282264932663,false_data_injection,1
99.66433845063317,99.61322569801786,95.02371819972096,202.63263413534315,625.3301699544539,false_data_injection,1
10.402459774312009,84.725056142784,78.191515439617,587.5858711094019,747.078267129029,normal,0
31.433497345831288,90.30222189476987,50.402634846453566,701.1395944174736,218.7138889065392,normal,0
32.6405823722735,49.729128456238925,47.33593810257177,680.1118854469727,59.94330086130828,normal,0
67.01652515873545,62.13996808291015,17.910527496747292,408.1516908666981,130.97374299417407,normal,0
96.3778338815459,96.66086261030867,97.0080841800174,15.394891691308477,605.9969672710255,false_data_injection,1
80.41308311898776,94.249333221643,71.65773704501692,582.9260568042631,849.4464062257355,normal,0
45.13826863876569,29.692094617592687,38.531500563067176,253.10153917960875,44.99682123542436,normal,0
15.165510904755644,90.13220080148568,68.17088881939955,450.25424614289034,734.1512590416462,normal,0
65.62580691395458,65.21996516435132,82.33574904256088,957.5810150838173,341.31864595005214,normal,0
97.67673884030829,98.17661673354161,91.9648696695621,399.03531764243473,478.5283699195225,false_data_injection,1
52.70856179340718,53.57852343640323,49.2497223396056,839.8016066644267,928.8595498455657,normal,0
70.53221029613768,29.606933996009488,31.535346856343164,188.54060574925114,331.9715047358455,normal,0
46.97262569097321,25.004882720468203,69.46408142753795,672.4604980250289,465.3369339394861,normal,0
49.432290497469495,28.741327770964904,53.31950244108681,977.0069544389435,13.682414760681105,normal,0
99.22432042705255,96.79837780611534,96.87234343460683,101.8931008729368,81.59872000483837,false_data_injection,1
98.87242801559896,95.67216713684775,94.6772061597115,8.319942227192012,258.59159113478404,false_data_injection,1
14.170771294430878,39.76064702917206,39.69778544968412,433.58279263261437,27.852240821074403,normal,0
7.671480783372411,14.916627507888691,78.63175513052825,92.6254830513672,631.3753260482509,normal,0
59.094884957421336,92.37372356196896,49.977165043460495,748.3843496762314,426.3983568016225,normal,0
31.720258391487768,85.12180022189118,21.8466117126511,914.5486638485589,548.145202728022,normal,0
48.22850874899974,88.8589440715931,62.19243386266018,434.02097270875885,174.64718589632955,normal,0
82.1431502837179,94.567164924947,69.49460128286908,258.711642155441,295.9320294366161,normal,0
26.18983947765437,24.78109618365642,33.7571257800645,434.40331900660976,663.8244748527251,normal,0
39.88254845802853,43.68057160672599,74.28844427490647,723.447817850001,965.3027236303998,normal,0
99.32535549687697,98.0039607466981,97.0086569724388,9.054161580370979,50.4167736022092,false_data_injection,1
24.44784406678791,69.16175253457234,30.76783655333567,589.4539894846972,890.3843208552661,normal,0
11.543292335447404,23.08115203888768,83.76411045364165,613.291684887379,576.8812013112084,normal,0
29.62887349767028,79.34581562420252,20.55336460365688,637.6882468959355,563.9195667556237,normal,0
18.703809416590374,29.077448606116157,25.151175130186747,242.0220799808772,500.27853520776034,normal,0
95.58986241814031,95.22575682206146,94.37899887142912,714.0527233781268,69.39408590418338,false_data_injection,1
73.69023226297544,55.64282594594015,77.04922825059028,91.3914863317764,89.87685173616067,normal,0
99.49624459144601,98.11752655623668,91.31287972004824,199.2703364668008,600.912005659086,false_data_injection,1
79.074150165956,59.30732766621395,21.407821241670465,877.470046654482,340.9585714355583,normal,0
96.67439145068492,97.8542696813938,99.09595391110945,738.7231507265664,917.2680665776807,false_data_injection,1
20.858455005313047,84.58417332358233,56.14735188023515,13.745554011345252,406.59053735947225,normal,0
80.86751487164811,32.57600362004001,16.259806374203748,248.3762603698002,143.2814587026411,normal,0
50.84409056283031,21.008768309038356,76.18122763055041,214.40648299316456,714.718833502036,normal,0
73.63241318894532,85.54358678886307,70.27026515811514,270.80632803697256,293.35342144100986,normal,0
96.61404896723926,96.29053821586707,94.63985417440381,247.5597702798864,525.4703073558932,false_data_injection,1
95.28695921844137,97.91653624092102,98.84343427971288,62.52629574284574,697.83278550517,false_data_injection,1
14.354413584852525,78.80886635161464,41.332073445632474,458.9405165968203,900.2641112020704,normal,0
24.374488816065043,65.69556835431685,83.80827392773733,732.7334747861652,792.1911948016761,normal,0
95.15176902766503,99.21906431829153,94.60329050642765,606.7317247174365,676.3610678727241,false_data_injection,1
74.53125510341191,17.393874592469864,57.60034549404561,672.8716685980797,679.6331823951435,normal,0
95.36332793790578,95.99546709967963,93.47822347433046,81.14917853623915,945.9246440320866,false_data_injection,1
5.59093109515121,41.67852394604669,76.14458187284829,951.4907101767872,295.82409749653607,normal,0
48.413520719093086,32.079071619627726,42.061726594046135,838.4918338430249,1.1120941961874076,normal,0
40.47993526764621,71.49070966352971,22.167505433685953,805.0903184956627,271.9545593981987,normal,0
23.87916389001207,52.14943748169552,10.945563998181928,822.9838050417675,217.891379626744,normal,0
15.188556223363038,16.888928352150074,51.981676272878694,932.7105081327613,661.8345851139982,normal,0
33.69728956930838,28.715572165733963,49.554971659200724,544.2539661136977,633.7115997655291,normal,0
85.14732483256412,68.07699491106565,63.95152167768689,200.28201786762588,593.4613827047239,normal,0
32.472249221764194,16.471123056675516,76.76935397633515,616.7836078525412,16.2434432094537,normal,0
49.09720284818612,82.35258769414534,15.955493848227214,742.881493667939,728.7780544506475,normal,0
64.75661150609011,52.08745479618782,64.86223677552718,737.9173933540254,323.5304124854915,normal,0
35.90851620223999,50.84985907276508,24.055895807318667,521.4490241668801,665.0559890066311,normal,0
87.60147703128166,60.354661696059,74.3632789867873,68.45871933357806,556.5784285021533,normal,0
86.80802007007945,80.09788210363767,71.4297635396242,371.1129384301278,342.73092542790715,normal,0
26.401495145155952,39.56378267168641,50.55953162391583,920.7666084633573,134.57626710410776,normal,0
47.266123000852765,67.6313729675204,63.26820989674837,584.448909757426,94.41889766048095,normal,0
30.57465633442542,58.08721693964224,33.57625848878113,538.3319432557134,831.5183331122236,normal,0
29.211442022084746,32.69740296440081,45.3375924199611,268.8535143821935,918.397542081558,normal,0
8.135390525135287,84.68354884018842,71.62276732828538,368.4489199165789,649.7880467642996,normal,0
56.81296838829123,77.7812118365889,44.444889787991045,895.3460891531693,103.43411486048338,normal,0
47.72771697445322,65.96840594596617,36.83486989940813,666.4630475268357,402.02721688824073,normal,0
9.375693856249095,82.29944697301056,47.065933543772495,787.3870267523329,728.9392001051572,normal,0
28.684949460111973,83.7200070815832,72.11869393279139,454.34542306765513,779.8208840100681,normal,0
82.20260030716557,70.21085302077796,35.140603552815456,630.247219456158,118.2186222910886,normal,0
25.362760706692654,81.14613291091213,23.032119485180786,248.38360874320753,0.03071884538241587,normal,0
97.73203537106066,96.24872089614678,93.43275489064449,705.4608302834863,712.137045880605,false_data_injection,1
46.603484623592855,67.81196559962554,71.94836595310613,427.60133370333733,356.59617598620565,normal,0
88.78028859940106,62.581967148290666,17.547810889265,442.54551481474556,254.48133161826024,normal,0
96.67221263559053,97.59656346321151,91.97555905678479,649.3223245768817,12.89746978952544,false_data_injection,1
97.85453526876073,96.66213346087183,93.15533180663135,936.2806214689267,540.2994067614997,false_data_injection,1
69.73766730294099,84.87401453190891,36.095605868662496,64.00634660862093,851.1507354259818,normal,0
25.199191239353972,84.10669985834473,43.77632341790595,824.7432373470076,957.6316462725879,normal,0
66.89838963200806,12.486019057937527,66.16197527224799,292.3831104121931,565.7449506132892,normal,0
95.19961266281875,97.24539257067438,95.77613080637134,443.9194545063778,514.4613277398942,false_data_injection,1
58.74599560045426,20.953938735242843,56.569642560882336,21.913328775008956,85.05638548924111,normal,0
58.85002541467605,38.48510261202706,36.42812099572408,301.04607783431305,548.8728015425997,normal,0
50.54084814635447,73.19820178478666,73.108566481357,502.6312426301305,379.97907896539465,normal,0
12.674630454624705,23.6645911641062,45.346537554862344,56.17607734743901,607.1352808835769,normal,0
98.1011742448056,97.72400542638049,91.25643492412314,491.0957293831651,388.7263478765467,false_data_injection,1
32.26630552259755,80.73140512640806,57.560660372180266,927.1106288584273,240.29912345036675,normal,0
20.85407338398761,53.13475736967108,19.469855617337707,105.39321810780523,94.9652752283765,normal,0
8.465887032154933,10.542799095930855,60.71331715565755,764.4407280755044,314.91844458889574,normal,0
97.22912774913507,99.08327621600812,98.85238878707565,409.67105337599264,96.64483428775227,false_data_injection,1
62.592970756594006,62.43878806193809,61.47453975145731,655.173714524338,176.89695082398393,normal,0
6.409965458867773,93.400825132331,15.22308611218043,260.23659798522937,987.3361585795459,normal,0
48.527909955438886,63.704149796416814,23.116107788196956,159.4922625413583,444.1035569066186,normal,0
24.252140891824727,32.083304390453584,74.18029441793398,160.46261427122644,531.8717665050166,normal,0
59.83968718480324,63.890484763466965,27.038466776763617,70.49194564314465,873.6185287372153,normal,0
19.82114646542427,55.898757275847714,72.7780843932205,185.64670490124303,995.5689004906878,normal,0
63.72970773870961,76.2868585878472,30.945706634080782,664.2193849889683,582.7144493446815,normal,0
37.87250443554568,19.093354300291466,58.21614325440307,881.690611843508,812.4738210441717,normal,0
84.62204904262244,74.68737171267239,62.061293013237325,814.1256855911619,326.94102433667524,normal,0
16.689280252409425,56.00765918746937,48.44910648587897,685.1343098744841,305.7439574472911,normal,0
33.99063983927198,91.85432032801454,32.89830075225485,110.43186341110267,402.7037209945602,normal,0
14.64524930545007,39.059134113288316,25.94832822783221,289.1874462959498,672.5072626736492,normal,0
83.59895755367783,63.77286091638559,12.489201592181967,309.80687532246895,682.1916892550987,normal,0
96.12580512107967,98.31158956769791,96.09681908275778,249.95694639762124,315.2394346494508,false_data_injection,1
26.925038355788228,18.713326879207735,58.98720928984623,515.0056597097231,133.2099241366287,normal,0
61.09864391290522,89.66442141509835,80.3728613836362,535.5538148796726,632.3962564655086,normal,0
74.46388701710335,68.47028639556913,75.3403361697289,356.8859751711102,128.32586218876452,normal,0
52.1920689859543,15.766150023939613,67.4548582401477,353.78915873643604,578.49250822933,normal,0
50.02029916026055,35.58190319047938,69.1335507439974,828.5555979060814,693.422128056309,normal,0
25.557444726538392,70.19462753484893,59.873867760699646,789.2928483196856,700.6114963944516,normal,0
12.913735263501433,15.724801124845595,29.521514317450226,307.79583168074566,753.4721106595968,normal,0
81.26333942603277,59.484489114983226,78.03962730293723,913.7884438732593,872.8594215656645,normal,0
81.53553485888308,39.40005984100132,60.30492339293755,952.815017002506,499.9589919647884,normal,0
58.81362386822777,62.777819010235554,52.033047323533,326.74254203004085,730.2491895295711,normal,0
33.81753223913955,13.888072874063592,18.32421019101108,354.42494879305485,619.1727353658367,normal,0
34.68281384207617,84.08062852295198,43.52916578548191,505.63415342195884,186.63993979768256,normal,0
66.70623270397034,92.74656238007874,44.52687034014447,941.1208125336735,25.68964486940817,normal,0
81.25437209596905,92.35461769928378,74.84227071420025,876.3194331423115,284.54138567693377,normal,0
80.40234606253497,73.7204056981486,50.998616514084134,102.5679625835898,443.0337063376194,normal,0
71.28942139789802,21.057330411103717,38.53004117278073,392.7307432714162,617.1059444286562,normal,0
59.57268992311446,74.45237165396692,83.26002463829946,553.3711897497718,849.9593305032054,normal,0
12.151897024579151,12.089887898998128,18.304044499473676,503.13247255154005,196.24571670616564,normal,0
18.73844069804217,11.880501879964767,41.691132123395846,193.86306793689266,125.54978989847709,normal,0
81.37710602480173,37.50686862771101,13.151850637855397,858.8167711681547,963.4799474743276,normal,0
56.546470071065144,51.534671184396586,65.49280905751978,676.9407829968374,108.04455937640711,normal,0
96.3673725768749,98.68236587309536,90.51657357114641,837.9083748518036,478.49107010718916,false_data_injection,1
13.625081143612729,68.08010701155294,31.002799716286706,858.7642793494722,585.5637287933018,normal,0
61.39765037418474,47.90173004202361,74.37562575993407,748.3558536657398,541.3744209074382,normal,0
97.79872330666838,99.28967456998664,96.66927447458681,439.21060124971734,86.0321570329432,false_data_injection,1
18.668684370487384,94.75558251340544,78.30776212329364,610.5467550154245,57.02691400361937,normal,0
51.64237209615982,46.2254106900577,66.54714276975879,160.36540611974314,105.48342746103567,normal,0
63.811091803878924,48.367897068022415,70.3680082631079,673.6454174749077,585.5876838726125,normal,0
60.41670705772105,23.90802480129188,11.350491670034087,179.25325573928075,544.3448876343211,normal,0
24.06289130414758,77.558811643744,82.21077678055195,693.9495905101568,233.74079203674424,normal,0
65.53523381454055,68.96298919142654,64.50032440527424,229.59816075396867,637.7741418455915,normal,0
25.166172437228006,28.765417087044632,32.85633215396,117.55130015021997,820.0675020556494,normal,0
32.65897434353776,17.00238887734663,72.20459986441352,165.28449014295742,41.57895984659377,normal,0
68.45176943503205,67.8424406763506,31.114089881119746,1.992135219070268,498.12994354804243,normal,0
60.218796419013245,65.6334532138965,75.4565379674596,718.7396178535303,689.3104121026903,normal,0
99.8872828159192,99.26658593333293,94.98333028294238,732.4010490583792,252.31192706968707,false_data_injection,1
60.897095845529186,90.82340279128488,62.77644830955968,514.9333499132595,307.7709052931491,normal,0
98.97007225132981,97.88244451569933,93.42069434657556,161.3628010553837,613.6379029893839,false_data_injection,1
12.96235526538786,46.74845808862116,17.240085264658063,83.55433751068975,897.9352934437369,normal,0
36.25584326005185,90.2073532142459,28.142037119412922,19.12896643728701,809.9244203028993,normal,0
27.54220125294666,45.676821938720394,10.93030272079861,165.7481769652207,583.1302190995835,normal,0
25.739119687222104,64.27470555144727,45.15759740983794,890.8555349831468,730.2217177572492,normal,0
87.70589715395788,43.79552382683752,32.59489455700003,241.53684170168177,364.8224702077987,normal,0
38.41330659667464,33.30829219963695,54.87681132233191,354.2713272172157,640.9655280987578,normal,0
80.82395719005463,93.6381000765854,32.29283557814629,105.34548448133319,466.181591127557,normal,0
58.64678320976735,44.79339053677866,32.49393336302386,222.36130474817028,189.9361364575609,normal,0
72.55896080104012,85.99843231272642,65.73948990487025,519.2245707802051,701.7382738772571,normal,0
47.72415291394133,29.546141500742326,13.610712698376508,607.7526830956525,556.4646373488221,normal,0
54.036830193240526,28.11389984213208,77.71712463939905,245.35231416621107,358.6215819535914,normal,0
46.864003974603435,12.646397045183466,73.91979057933861,57.73215922511721,911.3391900786307,normal,0
21.595653962833783,65.39168015695023,60.08535124198049,391.03286912739867,20.934117826733267,normal,0
66.40842979722795,41.324739216519696,54.49161775805382,234.20337092633414,315.773151249496,normal,0
28.865650807472743,83.47045123636914,76.92268736047392,219.55392322980194,56.881397777646555,normal,0
7.066857146673576,50.222842068782356,23.89976346465358,959.8628027134553,766.5273162216272,normal,0
59.865145152109264,92.29644137275135,15.922687164312146,616.300485925724,702.1074541137926,normal,0
20.05440774959916,25.769668834765298,27.96326274321536,556.8784431720959,331.352218736317,normal,0
84.93897966999772,83.83296927622692,69.59337090251427,415.77510352332195,675.662902207073,normal,0
86.08392904521993,76.01073248729804,12.60027000448625,428.94433343014424,395.93722619594985,normal,0
82.76347316873813,75.52835679474443,53.71051263126172,540.9050038380808,756.2537914224343,normal,0
36.46348952171277,81.80657438993545,84.65781371434825,696.4298070361073,454.1836627367061,normal,0
6.313812404953731,74.68703923015491,74.17720703781545,702.1460961818294,412.2797278316656,normal,0
83.90707781995665,63.22872733867031,49.10842667826921,171.69390770544956,934.729915488301,normal,0
41.395652606971716,21.155814603002945,14.773068196498176,500.112752076627,250.87909989070022,normal,0
95.27550767579416,97.13447363911651,94.69024939717883,411.958095034102,120.44733999656543,false_data_injection,1
86.9076980525865,88.27206706433338,54.92338811329079,870.5269662693842,584.5431132594582,normal,0
77.5058037147256,62.41527673426273,18.619974779467512,631.4189212183763,969.3218122841789,normal,0
95.9633819824335,95.6453562346544,92.97859398390212,532.5040664159818,377.83921372718663,false_data_injection,1
37.733306931163646,50.929399878566755,78.22201145774443,115.39464217891737,62.03676362878152,normal,0
77.34661707893284,19.971196061803532,60.190019720355885,605.6378893234114,339.30526730956745,normal,0
31.938370438283602,20.640792337216787,72.19650994875667,117.20390568023342,505.93165431955845,normal,0
19.40688346831786,68.27304941446258,75.92341752117005,337.2065755657521,161.9230066322137,normal,0
52.328107308959765,46.57600106645433,52.88292640362417,142.84196481433187,658.102218056492,normal,0
84.57315580366638,27.044601769528622,48.8084763816281,692.0736470243689,997.7493890102006,normal,0
64.1625327173727,51.785536473022134,42.282055774074266,206.2521138361526,451.73947598144383,normal,0
97.82707969876269,95.1050457849318,90.34431308573315,391.859373188026,354.72855673021263,false_data_injection,1
97.2497183713443,98.46454455512384,97.33160378136799,895.6747776187786,400.70416683446666,false_data_injection,1
57.275614269429425,32.8644393769833,68.04097417976172,204.3163833989703,115.14617839520113,normal,0
89.15457725886237,77.792523554161,55.14425732613487,507.8050639587791,883.2736014262238,normal,0
99.46966755334995,96.67908182320767,96.15069754014698,419.271661166022,414.82565552135196,false_data_injection,1
49.058020450917624,48.6937126719531,43.25350107843908,18.124041045729733,387.27441142484133,normal,0
79.57671111387621,10.987745892188554,55.53171840390655,792.7581135728128,659.6902729304743,normal,0
67.96533250910738,16.157985462537503,57.34806648189915,69.04590631459972,442.03342093112354,normal,0
64.24633798459777,43.36195229456821,54.37728717297441,474.2550209769536,648.2334688078461,normal,0
64.7111471389043,50.7948009509555,62.69753298141372,560.67829493895,61.4462901307875,normal,0
35.55674785367919,61.00174659014082,27.807510128110472,628.4264566145871,813.7233437222275,normal,0
29.955306762481936,34.79131919029078,48.4272833159343,688.6316293078755,940.5039528794026,normal,0
73.79569821567365,69.07346032075611,17.816860210626075,253.27238352271507,648.7653861593859,normal,0
97.34703420994629,99.28928891758744,93.04903124385064,9.978776658449373,954.5659288588107,false_data_injection,1
78.70114707930881,76.28733405593474,46.575030146594834,723.443662354912,151.4323143699633,normal,0
96.42602901340207,98.1538521008631,94.55649549439877,535.6565993475785,477.4161894803537,false_data_injection,1
48.46410390317971,50.84309051691546,81.28982894396526,836.1177032072487,601.8067339454473,normal,0
47.628885048411966,18.919065165544865,55.04882999112669,821.3883629006942,581.7366474211867,normal,0
72.8550902121759,30.573826348314835,65.76954371324199,843.3261677878832,401.46177908904326,normal,0
60.24693411611004,93.86632042770745,47.96995446214021,485.09465997954015,338.0844093662614,normal,0
64.66718456690478,22.112121146628624,57.55780235322485,333.62839583686565,126.8240225504188,normal,0
72.64237690206859,52.40549304336527,15.319916210033007,791.55820259137,391.7424505622782,normal,0
80.65045405449314,62.543237417040125,29.079368563138523,451.2941130292549,162.66081510548514,normal,0
95.1823052541281,95.26371976081109,98.34164108208441,183.4421964034345,734.3656764922184,false_data_injection,1
36.924550974395245,57.5701380963877,45.43700162548852,854.9740195614744,208.83093549458997,normal,0
12.988464886473865,10.830522030630611,13.42365591267878,882.5598767723473,58.56530528453385,normal,0
54.15381198467479,37.74921120073931,20.501807316498827,466.3097561401701,552.3661378172343,normal,0
8.055093272723077,54.00548968770047,30.761073084347935,75.69972730978746,595.2297327194016,normal,0
44.57583154125911,17.468652427310836,82.8649518175788,387.8260899169312,871.9130612805055,normal,0
96.39504145173899,97.02484293688094,99.98792935815655,803.5376594626034,576.9816124176818,false_data_injection,1
29.356006430904173,12.822264247266158,46.15307935840619,901.7740285462287,345.4808537234457,normal,0
55.22082714836591,16.679172258176763,24.707328455379468,203.47274249759585,803.0118815263205,normal,0
7.592521244819201,43.738478477135665,55.80850533068262,66.97361202527152,540.2788931874211,normal,0
8.174596043683225,21.28083909366013,31.051241163698073,877.3504531328387,79.28028463119175,normal,0
74.92104765607095,58.24097210223244,25.52444338288201,389.4049389788753,565.8505603132467,normal,0
99.676972448339,98.75711658765651,99.41334392786902,541.7609642675633,908.0185454216623,false_data_injection,1
15.800143575410207,78.04986942427205,10.412934937031562,968.065812050759,396.31262549822054,normal,0
97.6265913222536,95.3302765391108,99.72568235649737,66.56472791422286,296.32580189980007,false_data_injection,1
70.44945201338192,24.23601949202093,26.430160682639332,648.3180074520956,143.46945701802005,normal,0
23.34478733723167,18.88826642842402,12.754102187561585,74.10542257486708,151.4455219353573,normal,0
95.56198513588006,95.24654493554912,92.57479216492469,375.46892846650036,432.7714843418189,false_data_injection,1
12.25453452447028,70.0504367513866,35.41454870040637,803.8145451934467,595.6798241615295,normal,0
9.392946299331655,12.684822310179573,70.19392596848596,433.4722327556344,80.61540516960176,normal,0
50.16514368329258,89.57804093071364,52.903648252697565,997.1823539029504,939.5685890251657,normal,0
50.953985336859056,14.417559110375155,48.45007944673123,559.0592849466021,755.1336174451959,normal,0
98.57992346770862,98.03662208396533,90.88578339636643,321.1621526359535,586.6239182836626,false_data_injection,1
66.71776336642623,70.27014415332789,79.88152895746123,220.11132590475313,828.4386709389909,normal,0
87.94742675431544,84.03237551841728,39.77612809278938,350.5205342861618,80.18675681211329,normal,0
48.885529605601604,70.69738923125637,16.53195750968286,372.5332737595508,476.8388777331244,normal,0
32.4513002000059,78.1468870609323,56.2799887088351,68.71367772396097,630.0931268616634,normal,0
72.59082655533982,38.85326636613851,18.537879510745107,369.5741994267732,828.6529061182893,normal,0
28.020741357276307,79.26013466845355,35.89173571012691,464.2385197392249,783.4695600492677,normal,0
42.31257075997907,16.809761942697385,48.05589540383566,722.7377522388047,277.06924971339964,normal,0
11.668792414092607,86.05941576514485,75.56668935138819,656.729484721608,940.8801695592043,normal,0
7.154813190313888,56.54535197306758,47.0159935255089,708.7656552291543,124.34584143087035,normal,0
86.82511524762363,79.47031044681196,62.66940745237482,8.363681876857099,875.1336186211521,normal,0
98.53810292870267,95.53106913794228,97.75877254469692,217.66739958053606,970.9402496046185,false_data_injection,1
64.15780751796433,64.70410409170462,19.861683992348624,661.6842883998565,177.15352322262555,normal,0
39.76100027521294,54.74422617956962,30.604864413963963,483.98936817974715,722.0660642037852,normal,0
95.96128959234046,96.547347745443,99.74904272810235,5.313475668345946,40.28551877799846,false_data_injection,1
18.29714862704231,16.938548472600115,41.63711339041235,804.4946424318223,405.42282513915495,normal,0
26.270646343990602,15.129927139197923,40.826580644915936,772.8095732903374,516.2832991976741,normal,0
51.68426650002024,31.00377489086245,78.07082519174162,548.4191629935626,580.6452259096341,normal,0
65.7406534295053,23.56129780962101,63.55244833501423,66.46332577627211,935.9372482485595,normal,0
61.11677702100716,84.10160316033715,55.592891056802785,766.5150495325846,672.2506872941947,normal,0
28.79438124040514,28.633188925433767,33.202953839708655,583.713587731364,481.277951219237,normal,0
86.16354885637149,92.94854674462616,71.7842788165971,781.9599771579592,809.6750362658893,normal,0
99.9147343977735,98.21388706739964,97.176761577935,751.7469923958404,950.532820954409,false_data_injection,1
52.12009446346906,25.480022833539437,71.58987119126698,803.0020719578371,22.066148682290844,normal,0
56.99626342991994,77.12437310711073,10.117382889360467,518.0080664046249,982.5212722560387,normal,0
95.27483153419911,97.89270909101765,90.82572158035278,140.324518193515,86.13213906368034,false_data_injection,1
26.057134107598383,52.346635898516816,13.835153608157555,671.1574733796887,814.3867792687613,normal,0
35.25767768535724,57.205901829698654,29.32054152502914,620.4737850519706,280.33475255141246,normal,0
96.55117641872353,95.90881798880596,95.04132841918438,742.2531871990872,132.17965775387174,false_data_injection,1
98.91750751293955,95.05256612270827,97.61889894377484,169.8810060507353,439.8556397138349,false_data_injection,1
14.86617444308788,94.68838286482307,61.494243511945506,194.97519990028923,643.9565794476135,normal,0
8.910224571848984,92.85741878247657,18.586572854942883,890.4095172193284,380.951845023475,normal,0
8.461948197112461,65.27768333948964,38.78791622837346,749.9777984520708,54.565408282698954,normal,0
77.71414964093562,26.961108328977335,44.21773817166565,908.2284887003229,599.4611396587167,normal,0
64.81091804730201,67.81940060665977,37.67897663206874,758.7153211639207,902.4032761106747,normal,0
45.30477547242264,16.136864763229948,19.07687503638948,597.1553059903018,383.2153659472517,normal,0
13.315903655335125,12.605462687493516,41.42108426406065,654.1327370278736,216.33277763082702,normal,0
46.78734938493075,31.903045523453162,66.33835358563135,889.12792394001,442.5773459328154,normal,0
97.08582139487851,99.38874702431312,92.03994603609388,578.8067545119405,48.362711048780874,false_data_injection,1
19.722158942351292,83.80316295971234,16.013501056142758,632.3913243283874,820.4875844802748,normal,0
41.87739018522771,71.80937093013618,36.60784688769881,156.4767160036006,826.3408109501868,normal,0
96.12894776075315,98.08310989082638,90.40333852138453,473.9212201161027,588.0004634296284,false_data_injection,1
57.3472583344384,46.1669334280864,60.14294850421855,716.397111958099,353.10288893838947,normal,0
58.98296032374972,39.40447436649185,60.90024675044236,270.9426983163654,799.7833644457834,normal,0
8.850840830623785,41.53829485369123,37.143999312839874,202.25418052453492,554.6870247883671,normal,0
36.84207224325006,93.95021291756491,54.52455934064038,313.8268082244156,825.9323085500162,normal,0
58.19809283571009,13.409281270061012,10.759838802080754,241.50062799283344,631.4587925830206,normal,0
95.30973259289495,97.88403959819128,91.19210442840573,214.91263703639584,784.4054732127973,false_data_injection,1
77.8016365010074,59.18740972865344,78.49652106821776,424.85084286808694,598.56299321776,normal,0
60.98895868761033,47.28231063111519,55.94301012586144,907.8385138835341,414.1410682156662,normal,0
95.49789856770015,95.08014078227562,99.63685188687049,507.0596467387183,957.9458599261376,false_data_injection,1
99.33530091189473,96.21997651176235,99.66734227535107,187.92038081532303,541.1138248788448,false_data_injection,1
59.60563864753683,84.24097523694115,19.04188123027677,76.97166938087408,605.0895185405384,normal,0
7.253461396037855,86.55965844095698,77.68399804643813,696.1561451379253,220.48763941474925,normal,0
54.79092440824438,45.84627878424371,14.983288326683116,382.79876443638784,625.6507894272764,normal,0
84.9195705211214,33.53036276497939,50.04756044108228,821.8309465853592,571.6076494829439,normal,0
53.91530511944971,60.34977793043579,20.660284284509324,659.5107686407702,184.83839794702496,normal,0
37.99444372755436,87.55088437741873,10.877995804817806,796.2414505413685,59.58709735314371,normal,0
99.13232304746091,97.78844345592726,90.5461030321347,271.9460394184488,604.3593197147711,false_data_injection,1
43.951495691778916,62.95215960289604,32.12805307406172,692.3589224610581,763.6922693503205,normal,0
51.37742709185447,63.68261870786425,46.45003703482023,264.0619846937188,523.4013709220083,normal,0
85.02450874600464,72.31460690529889,53.28999150509131,939.0684794502916,226.7726253196457,normal,0
37.81872421306581,21.183253235817084,13.280430423171051,636.3742815333744,666.521976693035,normal,0
86.7011979250327,70.84512199797753,19.225247134280924,324.5118001753421,80.10572660960224,normal,0
97.09667340209644,98.50548793682135,94.10731543491012,269.51186229227267,441.8337048019546,false_data_injection,1
21.6422464570902,25.273064253970567,35.73755148794937,190.9265850716435,163.3667583984202,normal,0
10.895710574389064,30.1911826185296,64.6880115662086,694.6409588937278,184.45905105988336,normal,0
13.566130117081265,92.56858299353937,58.921873644395475,218.7156129979273,202.29394915820365,normal,0
6.548855180381727,25.38304098030663,73.42032722424301,595.3032659274891,386.7070570439779,normal,0
13.027651664253913,82.62273293641422,61.9369620001919,264.63502692535735,51.15020562039763,normal,0
63.05557574039033,51.84361779808296,42.24483080426111,661.9689447938686,397.7934409290982,normal,0
11.051035119119465,31.01464132427005,60.47249667958243,814.9397285405392,511.70744711470087,normal,0
32.112928574969715,84.01374160816347,30.65358806915639,778.0252431446531,483.2942849663252,normal,0
76.81440143240364,47.85094667522657,32.97351240836595,760.8513309307817,382.78410040304055,normal,0
6.978114537545199,53.75947508402366,69.1738869940595,187.72240569225207,839.1466080707524,normal,0
95.7726041499526,97.1978147088645,95.10460131346441,88.3849469845187,145.32669242050412,false_data_injection,1
99.03978664054509,98.83882308857169,91.13965887119241,698.9488284873856,505.696743781374,false_data_injection,1
15.044010347840782,23.899529169726936,71.68167802512087,368.3472137943513,62.04141695655429,normal,0
64.2226590559528,43.24193061539966,74.31717532459628,432.3462264033473,71.15567887790975,normal,0
96.96817760138721,97.36717829687511,98.5454739320218,31.149092793391063,573.8658496770963,false_data_injection,1
96.01767436943449,98.84530566579862,94.25505659271843,259.5764492750492,566.018424887821,false_data_injection,1
67.4810387233303,65.82261648600984,33.91501137408541,33.67640387446402,878.0335128444569,normal,0
73.29587908271213,37.64115545909907,53.66490599455854,879.1857726012477,557.8736756600732,normal,0
28.972938668561053,75.74521568336105,37.83793175782207,243.39668321853048,959.7910204048502,normal,0
99.87800959578327,95.32638378783231,98.21839322752902,557.337169573008,48.69484839992977,false_data_injection,1
95.97479135749315,97.5245572562507,97.68747131362512,38.979320661130416,98.00768478074107,false_data_injection,1
73.58095283771745,48.57211101760934,61.630376386910264,666.8473913056581,44.065861570381394,normal,0
89.19293707005723,30.064289384449438,38.0914665265091,323.02734575409386,185.27685033354,normal,0
40.07250253747125,16.247223523051076,22.51451512740646,897.9191869576658,541.2701109416781,normal,0
36.62153729238657,24.429421932440963,42.289700384665565,888.1181889340359,645.572181427428,normal,0
70.99510166306973,54.1807856272615,20.694560806143155,325.29061836174776,45.585157948668794,normal,0
99.57549227245015,95.78181070822437,97.51798163586933,900.9608956904679,945.9708898455993,false_data_injection,1
84.114372676303,80.4550861000218,35.94080955533931,996.1576734987788,842.1653766503811,normal,0
77.965083906656,46.625439511253504,21.584481041749285,825.4156641239481,296.61248215709315,normal,0
41.46449232687656,31.14071316994854,11.908581992931316,844.871347755229,77.18753022646796,normal,0
97.22286750534714,98.71184968544891,92.2833125236861,249.0087361090899,169.88707321905727,false_data_injection,1
96.6394199700913,98.68566206978319,90.36712943483067,576.7023988577563,126.94441375497267,false_data_injection,1
13.765528851054272,24.19856217158074,35.545312493596875,67.25591396736786,123.28377929894685,normal,0
81.71699706776317,24.247633384507,15.378391663573826,94.91793682166971,518.561688665734,normal,0
95.9215069847505,95.19680939909864,90.21846711986201,998.8926120332906,245.84744249340028,false_data_injection,1
75.24888461915803,72.59417128057945,33.34131212975451,326.6392494259109,358.13971652914444,normal,0
98.24148763649401,97.55546910736199,94.45517814493161,748.1839120488464,989.5053333843224,false_data_injection,1
81.11947442217703,50.34362443873418,55.43344370895178,806.6650530268165,684.3142489253447,normal,0
38.08214269240386,81.75448816238176,37.3445296148155,858.0232710072291,948.9806670470014,normal,0
5.921200375825361,78.48196300075452,26.34194156912426,997.6282974021565,142.5565550331156,normal,0
98.83297972356026,99.83137148874093,99.70074456666707,241.49648525686786,382.13947483256925,false_data_injection,1
12.759367526821352,83.80305884362699,44.05012158970862,40.35082685969971,554.7318032823542,normal,0
32.14165919518526,27.4965028531253,61.62056768351778,411.191517994586,76.75806188873801,normal,0
96.66888298534899,97.8965670139423,98.89000610814666,130.08066982894695,4.187443627957865,false_data_injection,1
85.80160748969227,32.92871697894412,46.419227474454836,22.425889162055125,670.4343337969175,normal,0
53.74222049047932,14.852382767591763,12.06525399020991,360.4268271414861,641.8195168014354,normal,0
58.70616303443294,55.149409880087724,47.90913384328375,783.7382510752365,410.7888099996118,normal,0
43.11786936815718,89.61148384507173,82.30130553382767,566.1806912250709,489.6440760320326,normal,0
29.922915594335485,13.34420095682332,38.81550347393502,312.77798921035406,415.4430005920896,normal,0
98.30671339472362,95.19200438663172,93.68250107395133,654.3420054927197,24.005044844888857,false_data_injection,1
62.16406876654827,48.436917404092,12.321684318950766,232.0181803088107,335.37160621746244,normal,0
68.9518350022028,89.37937648987192,39.09900699601521,14.381446072085025,177.08225539728983,normal,0
72.28421871669713,36.873268923023794,22.001870234739553,764.3533864364274,98.42418910136874,normal,0
98.08597113558483,99.84909432316893,97.27631137699689,623.7430848640091,956.7204338893498,false_data_injection,1
12.752518759138681,13.533693019283328,66.71602104626326,762.30262450096,599.3597250421656,normal,0
95.81677224871578,95.52156543675942,91.45515482787359,38.93801668766561,728.6562842366027,false_data_injection,1
96.5641709876211,95.30452771617591,97.01565265602942,837.1196278306522,315.36374326611747,false_data_injection,1
51.70995499751752,92.03508919706387,77.50623872623605,619.5262000363033,393.1471294940152,normal,0
42.53009261673704,10.419898379424817,18.71042201503942,563.3953507126402,236.92399389672346,normal,0
80.45485553445548,90.9040017609753,81.69391217164895,624.6140481145316,96.96567096542475,normal,0
34.82777606692669,64.32519471431753,33.54750380330146,864.4332468683641,179.0316374415838,normal,0
14.950696396346498,83.77305503420187,76.63027542315109,586.936506558907,797.5140452964858,normal,0
17.15429297449105,48.65288772887802,55.220715735959615,580.9503798881793,677.5458051837759,normal,0
69.72840369598514,53.82566242923627,72.00305198061156,990.6791570657658,546.9288759854769,normal,0
98.6266319536794,99.181892887052,99.74439310638475,756.730167068568,475.0898728667681,false_data_injection,1
13.595427470437171,66.68346189141887,31.63040783640593,442.29380545113526,922.4342836561244,normal,0
12.149078519774783,21.870356654286596,82.08516140556948,707.3970000329277,72.7349477786684,normal,0
64.5823761740252,12.547755139177626,39.211142117681526,389.23047169178847,280.600813237916,normal,0
11.18485554095645,36.174045035251225,38.91339285526917,228.875462483499,349.937853570714,normal,0
74.85810503968028,69.89786483261497,35.52903281908793,596.8518768877594,782.4258122127878,normal,0
98.05670828123863,96.85486856296085,97.72152027615839,928.1820981139515,992.5146201619714,false_data_injection,1
11.91464635456148,67.24175683261797,21.560878238386533,929.1395200154627,240.67051475715306,normal,0
12.211205697241313,92.44252391911799,51.52836140185084,341.9052781054903,874.3073341370806,normal,0
88.86436417259992,17.981560842100563,50.6278609307503,527.677466221695,830.6227604317913,normal,0
36.81301763927023,67.17118004913573,67.14263594536524,211.6358985698612,224.6573976417666,normal,0
95.75871456476526,97.98904006700756,96.64739204910846,995.6311094988835,399.33258019922255,false_data_injection,1
74.08796321688772,83.79209162208795,43.033101273431804,981.1179078679357,409.6728692925191,normal,0
85.516129077628,25.057732103027803,32.67499370136203,649.5089297074474,978.2206685265583,normal,0
88.81009042494402,68.873205939224,29.450117298782086,804.4140596774733,180.89190137889832,normal,0
69.03714574701004,81.23979962008937,24.596787752865396,715.1001612837,799.1579711047821,normal,0
95.45662867166779,95.8072384301646,99.60746302771355,593.1582190394682,334.1927141731099,false_data_injection,1
12.097560919386845,68.0760824046199,35.6835984126035,53.34799698889769,730.8703457761604,normal,0
98.48583127145176,95.41611533104036,98.62959623313019,454.76434255266105,420.0110042956629,false_data_injection,1
52.46436122754343,62.517015417103174,82.48130393998055,674.7863021674106,578.3597631165401,normal,0
41.05887078599299,83.85692368069105,51.82816196875329,677.5316138836847,832.6117733261311,normal,0
96.51387564135983,97.66235453941948,95.64416587779748,373.1226184223836,804.1655649838841,false_data_injection,1
14.451785996022863,12.582900074231134,53.5350700745272,941.6919866580306,866.4231835397002,normal,0
46.87313386472303,89.13063911809311,20.439752600927164,167.357032236781,59.61732534465902,normal,0
5.965059805230621,68.6097738376827,43.303281190165215,500.35944621556064,692.0505530397448,normal,0
44.836154569500735,67.50363779106596,56.96757410657979,690.8839765508228,139.98737672176287,normal,0
9.785778432956175,28.33238795380596,46.66733738443386,697.1358058918092,415.818568018411,normal,0
15.099522882786113,66.00526496977587,40.133410049074314,648.6389567688155,548.5884150546884,normal,0
14.989730976053915,43.478474480603474,84.53862916747737,275.28821345186014,402.7394847468307,normal,0
60.182875679865404,65.35480304852683,76.02360716116952,156.20656868662198,519.6116758030075,normal,0
99.77333178439534,99.00068791376037,92.41658920819185,635.9403268267108,996.5263087986192,false_data_injection,1
54.58634503325857,65.91685089125806,52.70330208867121,599.3021161394378,135.21731371285472,normal,0
86.78466662033607,94.95016669050666,56.54953598684381,179.35601028924097,675.4560453364255,normal,0
36.86399925951484,14.098023303147261,25.098408086682493,705.1391455705633,396.00096638561524,normal,0
29.28552733395816,93.05980565881197,39.6353307448239,455.1719917336564,133.0097989073288,normal,0
78.83092589610412,44.587176661444005,12.95946496681745,667.7605916031529,158.73676337430953,normal,0
24.005646274153474,84.01404327866703,45.665952811512,837.3670797701507,949.2731062456169,normal,0
86.87391585245196,76.50276614495324,50.72684379682474,169.72842857692316,879.601496711762,normal,0
6.033130348634389,58.19638218386676,27.08123020774072,19.14486799683668,907.0419604150218,normal,0
97.41749042553401,97.14574745979161,90.74895842001983,779.1025863957868,991.5327758273866,false_data_injection,1
8.66859251579897,84.67382271061457,78.20909582029314,609.6974251526159,208.31539000851797,normal,0
80.74716466433604,44.3519273403378,64.16074265919295,699.6395696221217,355.43933736406177,normal,0
49.85459427233549,37.797818732875285,50.003997157402196,838.1549749886426,669.2190299248667,normal,0
97.52251462027418,96.30424622981045,90.09087034951216,802.8109348245005,483.80253986064724,false_data_injection,1
11.272708002508903,78.66690506500699,19.798925786759717,960.9201469288247,418.3895333783335,normal,0
52.07761417411227,74.79423645601234,69.28823457061637,535.9350788521182,357.81124933559306,normal,0
87.39071552762341,77.81416015298393,19.36156104751362,488.49563265990537,593.7806319434522,normal,0
49.46331675446265,47.024581759099306,69.5657996912054,401.8871998907301,575.593428640082,normal,0
58.498884241497315,79.51590837487684,30.68256761885177,153.69104284420453,161.45783406424007,normal,0
64.13863856369247,20.21776970650172,75.78179357636417,572.6072328820225,471.73983751843906,normal,0
43.63599050526072,56.28157332667221,80.80315703690484,277.0125243259788,553.4717762098498,normal,0
58.34243680714539,10.489486142340333,21.15969770538367,921.3075122129754,570.2869387313905,normal,0
54.66671651346352,37.589795541522975,44.700670379904516,583.1908042770975,210.1071929123518,normal,0
81.59843089173407,41.14923046406882,83.57405336220138,592.8401805081102,742.2713922522868,normal,0
99.71491392035568,98.05188029890846,98.34973785682962,354.92466087701,25.199094821069636,false_data_injection,1
28.881871115339578,69.11471256863828,74.76606418859089,51.989351977707486,354.83185554316265,normal,0
85.78497614650749,43.027438607979384,54.15486415984899,31.74376537298862,780.2126485356335,normal,0
80.67242163072788,48.138957922915104,38.149743093970145,423.3351441531975,563.8929210554023,normal,0
43.7308239867856,30.191251124317834,31.433766664440267,84.56537809723785,261.16243251086024,normal,0
57.711270813130625,41.72640228849391,25.241731831456548,606.8469555401391,694.9531193430477,normal,0
97.52318643988717,95.03676522277213,96.9172011413469,880.9730056396575,567.3909441560734,false_data_injection,1
20.990298576519713,16.22165352031771,38.99053801172709,882.9148165187222,796.2436094563872,normal,0
44.41436441989848,61.29313043741712,48.34565966505634,659.0454101322324,735.0251861898233,normal,0
35.03493938221449,66.79808787717639,46.92441100008865,211.23183147293102,610.1079220362346,normal,0
99.97710756462727,96.43755599691879,95.38220101868475,862.9968313588721,488.17767531081404,false_data_injection,1
99.47777870436943,99.83311110448054,94.43439102836044,886.0934353132081,133.18212566752342,false_data_injection,1
87.82355865162415,42.281791315234535,83.55545076875721,196.6535849529587,261.33301788538375,normal,0
88.82791328076624,83.38336021360514,40.568815643036274,737.4260857706772,419.0994729170853,normal,0
64.34374569167834,54.12195173657854,72.06391915797272,286.51954892712297,599.2992870063887,normal,0
50.56819113925023,50.73045959852713,67.33958459910383,802.6403123529296,513.7078552153048,normal,0
31.309847384337857,12.179575593547034,53.01467135916799,997.2378999036026,288.1845259595295,normal,0
74.17257667509064,39.00606534822329,81.70353577089499,30.026005329392813,6.464357789710551,normal,0
63.20214966707974,42.31662759679785,25.03558866463021,897.3658657909319,496.23922190081396,normal,0
18.82243984431576,43.89993637623654,18.194815773221606,622.6305335986581,285.6259885622431,normal,0
82.42881068197661,59.31465138432324,74.04714752165665,973.3826191648211,734.6083007105351,normal,0
95.63057661187705,97.90860763736738,97.66347213104652,465.0095175264276,23.94626527048349,false_data_injection,1
95.26413343182361,98.63042425741925,91.21302998005534,847.3879305713738,584.8278113057909,false_data_injection,1
66.6861582130106,75.01507723108091,76.98176538965612,62.39406859827723,941.4742375060654,normal,0
57.14029165454214,79.10378779086794,14.684319521430357,335.2790500782957,174.4092671114995,normal,0
40.550658084702604,71.04046147925203,76.25985722395455,67.01653775120997,471.64949075059536,normal,0
99.73843088532139,96.09385854205439,93.26220506980931,975.3431334790705,91.42199181713818,false_data_injection,1
78.6154306075347,11.549769527490739,48.28243667531741,816.9739072718368,625.6819122613526,normal,0
8.8435869590261,26.64112878310142,56.994438331990764,852.5474212459704,550.5316805962256,normal,0
7.241192832266421,10.642844373142081,79.4786955047565,937.9652314338942,407.3655242128323,normal,0
36.99938618463422,65.03535070314126,11.433707082232303,85.10348611978536,521.3770214737413,normal,0
73.8970331164558,86.33259666074889,45.76326012383628,385.5975925133334,896.5746584690102,normal,0
88.91847099177028,30.695995208985437,61.57915318229205,71.03488904400213,196.29430231106704,normal,0
98.7809611705339,96.96877570782704,96.08211376766447,210.7931015500286,22.564511705347236,false_data_injection,1
55.501110804931486,15.122728174612671,61.9399323652831,229.36577703767236,861.664884699101,normal,0
37.37572281363683,89.42706227846871,20.082634705609138,469.1072110475787,577.1170823879065,normal,0
87.44272381424128,39.887928415368926,32.45466912787609,268.5621674536426,890.6584554618424,normal,0
76.58010846653524,18.620770418183405,36.90366440627601,100.97810681776109,596.9452234131726,normal,0
76.25793990044671,51.29909953083768,70.33279057596287,167.4910890941077,810.1610899597025,normal,0
44.838918582572475,31.826008256243174,30.906990431091476,147.27556355209092,429.67336335514796,normal,0
40.25965769870154,34.21419666676344,25.802872290040238,973.0767979122983,749.8599312882687,normal,0
28.23960111411003,36.119647018734355,81.80860142785721,759.2925069184736,913.041466889856,normal,0
9.791917215328805,78.25720131577638,10.664746383510167,967.761465269562,572.1229637222062,normal,0
78.50140198167952,55.828708517396635,84.83656417614837,439.74048650790854,180.78515056237953,normal,0
74.0965857760566,36.461154428260315,60.761597414304674,278.3684816626566,268.7976150301982,normal,0
89.9760022293211,61.87837158142806,72.13519745868378,798.2931972091867,198.64457689740578,normal,0
95.4335328379782,97.69181551050511,99.1322968627927,326.2539180411468,246.85702759573292,false_data_injection,1
95.53311809468299,96.83399160323134,90.99494668872964,299.3833737053483,306.4154493510364,false_data_injection,1
70.36393029034339,45.15167362965488,65.34021389211475,232.50599220783118,555.1337867531885,normal,0
85.30508704000638,20.360317933640545,72.56084477505068,129.67897822423535,587.9916294638327,normal,0
77.22002820757997,25.397694710447826,65.53570989651394,256.46306101676595,426.49974724186114,normal,0
26.0245886481718,67.89501758702355,20.713771547562892,355.31974847388767,615.4207798208354,normal,0
43.29625150135795,25.42225955412829,66.50709416927268,673.9942081457305,81.57492561136593,normal,0
15.978550287877074,54.63888761170011,67.66920865807307,62.56484221945158,87.78823705815996,normal,0
86.0943373169914,70.26893224640678,59.39053867525412,210.50693966534294,171.82946035765843,normal,0
56.524843928324806,19.084538463053228,67.45869495966897,809.0236402916764,518.0774980403447,normal,0
24.434638467794333,58.2215386684568,73.44410797582991,146.92192358377076,213.99467869831358,normal,0
62.09455817449782,31.80783661461592,56.02030856780938,342.64514652252154,283.2844034925773,normal,0
57.54090043892114,91.84878439519429,16.64535354772593,864.65892185814,400.3128361729941,normal,0
35.443831032791444,51.1013799711936,46.572085725040814,154.92531114344266,811.8661240103798,normal,0
14.652395336968468,78.50936673088844,15.823700100370381,82.7368356181899,13.862135912860118,normal,0
62.083721625387966,56.76925608328225,40.56572732743231,484.53799508001083,649.3788202366225,normal,0
98.41557142861524,99.6628335435298,95.75665252997419,302.4195112785364,668.8765310406853,false_data_injection,1
70.64706329752934,63.8178669254919,14.950738310518119,563.4083644838541,798.6557803566366,normal,0
96.08793969965822,95.66889072496984,99.53307167582372,803.8048904834751,932.7529390603132,false_data_injection,1
77.43542752707592,61.13700471243815,18.324857409348613,137.14848815274317,20.137848949289825,normal,0
51.91208129583127,79.63105305127716,70.61764075069166,580.699084554285,153.78370551321618,normal,0
95.92022386025107,98.78225543994456,94.7415794587908,505.50876038986394,886.171294055993,false_data_injection,1
79.51555622595933,29.386780615659262,15.423735644345395,144.07878601319956,458.5185621870154,normal,0
39.296043628053745,28.023811392199264,81.6336405468776,623.9984855289824,564.5906389334635,normal,0
96.29396204182262,96.58228565437209,90.86967020255933,273.64041786077166,663.0272037231474,false_data_injection,1
7.446527486633813,44.9374199335699,32.46742584654054,487.8343185440125,679.0666044956374,normal,0
69.18666673225762,81.38821074367122,15.764655645712264,82.27232427706188,931.7404033165082,normal,0
57.726311865044494,86.50196548883095,47.546820105281334,459.58405721362305,996.9494174116696,normal,0
64.846780288434,40.04081724073104,69.58866583680614,306.4634680428203,720.1574609309403,normal,0
23.101953728257413,30.133997512830977,63.03148579500236,822.3812111853543,287.22120920515084,normal,0
16.59157542487543,76.34466879572825,13.766950859798033,56.97872699736828,879.7524022943436,normal,0
6.236296581769964,33.35851302159157,15.467637652592764,418.60727491832995,49.220914540761605,normal,0
97.151732661861,95.82749887331828,97.06604128994218,458.431424131438,231.0808528744962,false_data_injection,1
55.14300338264381,46.01775156014484,32.146787053595745,725.0060762991187,897.3857174637149,normal,0
38.34074383347725,66.74174143977498,27.428824229203588,574.287575090211,256.19151443935493,normal,0
42.18536837201697,18.120501675946795,31.07533741815352,667.212337194181,220.65105962174846,normal,0
81.85348903196862,63.02804259750871,70.26120574726635,777.0492856517561,138.12529314024724,normal,0
34.60171469698053,48.40025269266447,79.69210402238905,862.2029736581887,859.1117576469165,normal,0
48.68910657858392,59.8617193699153,40.38270208956748,313.87549672247053,500.05825919108673,normal,0
71.61050608299716,24.28120765831339,77.95832515993727,538.0227053639029,674.8932030541548,normal,0
38.706136497307966,72.63426832025547,34.11217759359115,840.1080784391999,239.06638407502967,normal,0
57.877369519369246,83.33775159117442,45.73277397578437,989.4511309650564,758.0404210112165,normal,0
78.30091524347334,28.42288300771593,26.95217483619998,889.5193110437631,760.0055449620985,normal,0
85.70925301089957,18.135737219213745,58.035703163188295,371.4672626243768,312.59802490830015,normal,0
17.501245878968227,12.009279813938594,83.42358363811067,195.16651721865043,410.68263301028287,normal,0
83.75994813872703,64.56757753767761,55.261982203253396,489.3925374065887,209.69027743020087,normal,0
46.82988491176074,61.602993067546365,36.83605630851616,741.6414518360423,976.5610233229042,normal,0
97.05556708497424,97.22356388429168,95.7654498995114,492.5690707532976,645.6025770584116,false_data_injection,1
44.02653928025221,29.71550316985791,19.219050884904068,483.1808633136685,934.5438807155156,normal,0
96.83339439851491,96.95458713420581,99.7645652943541,838.2304210818006,303.38554362913317,false_data_injection,1
97.91552878639949,98.590070890635,93.72043567812207,361.40377906718635,781.8909129968897,false_data_injection,1
32.9438868744382,52.2251830030294,43.70123065297315,859.7946748116456,765.858643884742,normal,0
58.83907261692169,93.96176921826542,53.939859134013936,406.80480095172356,691.6556518665416,normal,0
25.41237759614641,21.597378967322314,56.85878970920518,328.2331056783394,965.6389752668005,normal,0
11.448382889236434,69.08728709404548,15.383185466988477,453.989911199699,393.55533610631556,normal,0
15.954776362405184,44.36709528886483,61.19629159175518,762.4469586748685,130.71732358975729,normal,0
15.883896311410657,46.39696726867725,28.144876023664718,126.00202786399429,671.7088592440608,normal,0
17.91172894854502,70.99581008094498,63.54644743799423,196.4192158720174,729.3098004772062,normal,0
16.800309675199863,68.85707286257141,71.69010957881476,951.4448256630919,575.0605734588147,normal,0
59.474353308273244,94.25675946468601,70.29688806643902,175.49162738135738,206.81789313339627,normal,0
20.45980717392731,20.913514603600646,51.437572555591686,567.7273179310546,504.45594166935535,normal,0
34.38171908252838,18.849320197654137,49.012741923306336,579.3144666619379,312.1897365691294,normal,0
81.227014842011,71.56879945594301,20.715697100455877,489.6244620502448,427.46652816668905,normal,0
45.28673942234415,59.162887945544774,68.15096128023518,644.7452485768185,645.2185758446639,normal,0
61.74240777428731,33.3036566575835,30.35570353350358,229.82672579761842,745.2147426908346,normal,0
19.647189052138536,16.75064636406386,47.25215671134599,552.6622677767482,232.2246909013431,normal,0
21.344566598737018,17.280951215696597,31.320556969563754,372.17325524689716,405.32536064695336,normal,0
8.473832382650704,86.00622434645005,20.037127224976985,661.6672596291891,269.16157099162916,normal,0
19.359480361133986,26.308722601093148,57.216827266880244,141.22354337314945,198.6316138618691,normal,0
28.680178817716484,37.486582779819265,14.074902611717787,570.8774168394763,783.3872199958383,normal,0
20.04589116352348,29.26579418929398,66.14839255946501,185.2703553833237,909.2526944369924,normal,0
12.539715369349727,40.17468599571467,33.81900964458375,278.6430631150364,370.23218568457673,normal,0
95.71407152236434,97.89914788023863,92.82550267518639,218.70980032358324,751.2789243737668,false_data_injection,1
44.16619528278169,54.12008222720298,48.334685442792235,182.8377798688171,896.9952893644111,normal,0
96.5901980584726,99.62320895564318,90.56224294850972,825.710951560667,846.1242105302316,false_data_injection,1
35.962938189086415,78.03030316490073,30.71271683656746,285.70756766089033,182.8133885392259,normal,0
47.790468022662836,29.865526962386806,63.02323655917871,927.1237818644494,956.2918815133613,normal,0
63.68356043349605,55.9010127413834,14.70172162163994,969.9265253451908,376.67644042946245,normal,0
8.34153188649341,84.80672244272395,72.95038692670018,571.2604699370974,339.2406611738363,normal,0
99.63453781072933,99.81029249470676,95.08959040422047,143.0011226657264,62.43132727778033,false_data_injection,1
58.371533106727156,55.3014118568635,28.51179019014267,374.54824337958127,486.173654104883,normal,0
11.949517715654112,37.568369014806926,65.56780421140536,797.732263348214,109.0136156409287,normal,0
79.25418304907606,38.30516260994682,33.72026122969801,367.3907286970705,248.53982092742598,normal,0
83.27415404520411,66.90639119184615,17.641929104951014,87.01721830278875,316.94262176728137,normal,0
10.191626587663418,94.50184570379923,37.01754391003209,556.784910928188,808.8263234916841,normal,0
28.534600092512317,66.25633113719718,30.279496478839416,845.1208514960348,875.4886503958966,normal,0
73.52710878241021,57.41159047645212,73.20339266204161,795.9263871435024,302.46631746146966,normal,0
68.60207368261096,72.10529337033591,33.501093818885735,175.12314013035325,858.6981212445739,normal,0
20.684286645292072,49.54247704411604,69.16993538320054,672.7646144124667,857.230937369791,normal,0
22.794692483620377,15.112099121066743,76.8904108608051,220.50426343564712,764.6509503848736,normal,0
36.49012873726747,57.79522934962233,42.536306468239715,218.20753455217223,146.69511401518153,normal,0
46.184453741236815,91.39814918295731,78.2457357890794,874.0717733051852,690.322846900729,normal,0
57.551655580075156,24.90075010040107,38.29885404723946,249.66895274023017,945.0240645805687,normal,0
36.357659363430656,68.65041571975658,82.30588123675811,263.24734651801117,682.5404787671571,normal,0
44.31545087131757,27.0793635360198,16.69671433941797,0.6533907612995549,331.61684910783396,normal,0
68.5350297413693,55.545353180211904,61.526444987743204,870.6690341255177,500.5793174308313,normal,0
8.118072245700821,18.21749821997117,47.03605303426965,792.5948132091347,645.7250433510536,normal,0
96.57816607683576,97.45509881334455,93.20733582311571,627.328935090678,510.5704087285036,false_data_injection,1
65.63471480018696,74.27388295609592,57.45339090614507,750.2657639388423,119.95294173096983,normal,0
81.09258120341194,39.543579560313475,62.78928187257484,152.0485674244918,312.06404465202064,normal,0
48.49258257983162,66.51749658141352,10.32724522377318,458.3235945875754,802.3960305536325,normal,0
50.229646247551834,77.61324666712699,22.521481656039903,351.2193873487809,861.4180460955174,normal,0
14.109620963880964,88.81011465575348,63.478453797573906,93.77652625701649,137.30003271557024,normal,0
43.03005117999364,29.94457695771355,59.978906018365485,486.1304852149241,952.3867523987246,normal,0
96.80029950965363,97.38933677456568,93.55283974236923,920.7396503426354,328.82261784860935,false_data_injection,1
96.38377065975655,97.7908559194522,93.470023354122,40.05911905069448,662.3137387307199,false_data_injection,1
27.88567463069738,94.36109768346189,81.30795307985035,291.4609134937939,751.8251459566811,normal,0
37.06915386389292,88.7950822735651,62.69053761511052,207.54093620570347,811.9462346378834,normal,0
6.706051811106741,55.89635607384756,32.35391564795823,238.1466536656963,945.7497022259302,normal,0
32.37672907457015,81.57283002199581,17.902369168814236,908.4345518793752,312.9195480288226,normal,0
22.973080594706296,54.28142806812359,68.63678975087018,468.06905423429015,858.5064545515545,normal,0
32.83727493512275,63.00478348023457,58.31119161069369,466.2994129398188,131.68690343620705,normal,0
15.179781204636352,17.57557672986141,13.613950929497218,760.5756424552823,705.0409063535927,normal,0
95.53080176773733,99.18736259809387,92.39819952206591,154.4922040049258,741.9777295139859,false_data_injection,1
55.45535855209414,20.85564610899496,81.75998616132146,487.2653541000508,677.7232412013204,normal,0
62.72369712728162,80.21574857146491,47.530085928265095,429.9852141210597,252.314736135153,normal,0
72.07955528162375,76.4723874519828,42.45468520147785,596.9106905466562,873.0431470152033,normal,0
47.36758690896987,70.243299308153,44.32747038694705,999.5577032504386,168.85846337039501,normal,0
12.388224487431014,13.07363234460478,25.666204300387278,769.4488940820471,53.63479152083084,normal,0
50.654056054576564,35.765910255352935,37.653037814859644,397.86570301742717,717.4649906119122,normal,0
54.881495031774726,32.36456844242164,37.735994199038245,827.553052274047,475.4757152327337,normal,0
68.36235530566805,40.61159463507912,13.92662651406043,170.70836331248017,849.0980199586761,normal,0
41.69106142952275,17.449633474926276,67.56757213884387,30.463686308960124,383.39714105825897,normal,0
97.37554182465918,96.93025467825917,99.66706140018461,204.44837246427306,168.2785885077128,false_data_injection,1
29.12095199289158,57.073190460551984,71.66349151123174,340.41155611425967,836.4421924698697,normal,0
35.861995193883985,35.969566405932,73.77610008399216,510.5807574595599,548.9096316400717,normal,0
59.9029655131861,43.743428951314094,25.899554102399357,615.1291405411998,189.19579239035488,normal,0
53.51615589685751,48.012215942911034,59.301511162759645,910.6057172144217,720.3839985864457,normal,0
35.26822170131693,61.05051833565247,45.421135312223626,509.8540095504577,511.11363848950054,normal,0
88.85379614740327,53.83275135420231,76.01175534411138,501.2756446257294,604.3129822403198,normal,0
56.490859645335405,88.14831772322547,26.18055093823406,50.24300982298213,460.89833820658185,normal,0
99.05813507222427,96.46958380252467,94.46326359986561,34.91155265622381,828.7089838180063,false_data_injection,1
13.651510172734318,94.33343125998158,55.581409168954195,551.159961916372,829.5627156830499,normal,0
97.0320826828701,99.39918873970734,96.48682953357364,438.1786132483445,709.3888218243862,false_data_injection,1
25.90640691268319,27.723393720373544,20.245067773837945,839.1803949802986,105.40137739646227,normal,0
18.657916727062233,89.10059324473288,58.872982035795744,160.67958471184517,838.8538619040688,normal,0
20.858197044360992,19.89114382026547,65.3948093599248,24.971662117049597,671.0129805329099,normal,0
29.233089338977003,79.48322522175128,33.67205078225125,449.03876793012586,697.0241660042996,normal,0
19.73675560005416,42.352979945509304,58.36244530167353,237.47855675225748,362.98284040387165,normal,0
81.22506109324614,84.62781723783091,39.63481807086275,49.614373338837446,879.2795561570067,normal,0
11.819868381239587,83.78481865913328,63.49051624619633,724.598286847629,725.3716002348575,normal,0
49.583468113471646,78.5036590099978,24.941145617053984,111.59299995724747,112.59046652919447,normal,0
95.29228993618439,96.49964698736534,94.7430866486843,608.3195000077717,407.77803440616265,false_data_injection,1
96.44863991869107,96.19375885543012,92.13542854490342,281.04975016688917,886.3803619601417,false_data_injection,1
14.52330668428445,16.878139059356435,37.58394908171147,173.49605035502202,47.196701697379,normal,0
38.81772591888804,44.253315195038724,14.356896406026234,379.75152291931744,961.4166196420495,normal,0
95.96011684568172,98.33342825946256,96.23379565959907,801.4457762229537,679.1625683195628,false_data_injection,1
78.56810570098833,69.07084255670924,48.68964270342461,392.09357690457267,631.3759776433766,normal,0
74.4511260306888,39.418476755711765,30.069450754597863,750.7696492110557,270.5592564879914,normal,0
26.921740298819884,92.92686707309277,72.66101693066457,125.4862967991507,248.79178873917706,normal,0
19.525444928155594,64.48262657435322,11.102004149121537,772.7714196650791,942.0582194885955,normal,0
61.83467369357663,79.91084790892069,38.43205365039522,236.93332490664864,298.27245423412273,normal,0
95.17188429175863,98.19481510986643,90.81447212891159,677.3931298888727,775.5052967189994,false_data_injection,1
95.53355909551178,98.2477800337848,98.6799959189509,565.7815548409964,393.12179820707917,false_data_injection,1
99.04989371841737,96.19144835276546,92.24382979799796,929.1447172116873,139.25407078470397,false_data_injection,1
28.798222961124154,51.40026309960955,41.02320061889765,387.32251797531404,10.715297695358949,normal,0
95.48347279893784,98.60228370731377,92.81825003295472,66.16518883444044,544.2573370152508,false_data_injection,1
20.898718627389485,75.00883307675461,40.32173104411518,19.155485551252905,975.7788185489327,normal,0
32.512735094360714,24.86128331713507,49.820325880907035,826.8585609727531,369.1361938092045,normal,0
41.16209728239543,52.71811649939261,54.63487561792611,524.7356376614322,357.1923339930448,normal,0
48.14688218817868,43.88635736064661,10.744286584587673,775.2440518349492,344.0916178494421,normal,0
99.26024207902347,97.79609065884229,95.1474219375678,234.4256000115147,520.5438373048585,false_data_injection,1
14.7611301028323,41.240425894780174,82.26244306656912,345.08374551323374,440.6648834242936,normal,0
99.46652246894061,97.16419960528586,95.35542473097799,30.103872211318937,879.9146267270145,false_data_injection,1
29.53359702542174,12.194012090706394,60.815670059421485,961.4923245741121,505.5207917234903,normal,0
54.40524882092205,21.489134578159934,33.38978934376624,667.8679067008134,507.75783818856877,normal,0
18.120830798307196,91.86478448507978,68.0493533614572,933.2050877593063,138.3715947205566,normal,0
45.89690865765949,56.710010551076444,67.96911114070863,265.49640742907235,982.7395409103859,normal,0
98.2315496682869,98.23671067186545,91.28349926614695,611.4636112256609,249.97289086882967,false_data_injection,1
9.405000629906286,46.762319658061216,83.20103674594102,678.4999682926378,73.36406745960267,normal,0
99.9232723879542,96.04548682294808,91.30353130043265,317.5497002575884,663.1462489752088,false_data_injection,1
97.66661773929802,97.02822629723619,91.6916189384242,848.10923501563,595.3663701568727,false_data_injection,1
10.386872490185258,47.35849353379736,67.7618658817822,947.1614629002478,415.14565399274574,normal,0
98.82658149762693,99.64701741924577,92.0480240905621,884.8551176960043,422.19223388067803,false_data_injection,1
32.40007682285145,64.47023674866753,19.01554218404322,739.0669759393726,785.0639210464312,normal,0
73.83932789764397,28.363245513315967,29.918712471895457,277.464679724954,195.71264009964906,normal,0
26.644455654919927,62.66497616631551,11.316427252497167,281.6160421056317,820.2533189448898,normal,0
62.92773138903399,65.26709285384304,31.99814580854235,963.3603204460379,648.7471138950182,normal,0
69.61936809062335,22.92211251593509,67.98564054390036,10.284495935692028,418.96977377952436,normal,0
55.62929295166676,15.214718304406794,48.84703957844342,716.0499732421445,458.0286165838686,normal,0
97.18123013178578,98.2915371975303,94.37716824933541,706.2461625552622,256.6472071860958,false_data_injection,1
97.17698161699876,99.7656005719707,97.19245200575831,622.6895409497974,752.1143326969748,false_data_injection,1
34.653802656154596,14.943922617965441,10.101521928660112,990.1088460868658,512.8747423052678,normal,0
84.0099772610652,94.56363695943021,32.48503956739269,311.8794357637252,320.8545427498436,normal,0
99.65082601431276,97.63793986636082,92.5890427479314,339.9718637932482,596.0501157609502,false_data_injection,1
87.02728740665357,69.07799445297702,83.06458328622678,78.93940294655555,995.734452051323,normal,0
15.565263996271302,93.61270864739015,73.52956202379247,442.7981365437374,435.26227965655386,normal,0
67.12373539230975,30.33030885835368,11.769622348414684,261.0485262348481,920.6914007786196,normal,0
84.75893882978822,22.091196338411677,77.39204535061295,343.3867021776442,345.0168399245661,normal,0
20.404810624081115,20.317719850906457,68.73988099739694,834.5717902556277,54.732706924985884,normal,0
10.652182726176086,35.77838754324562,68.52820926782353,935.4845135274958,204.24210636842886,normal,0
98.69790588610871,96.05484945309975,98.41622007542774,185.73307200518562,418.6951433276842,false_data_injection,1
53.83021462029251,68.83371404400121,39.85039697158771,372.50893155346586,219.634928594569,normal,0
76.55544602445312,15.29480284105533,32.71867966248945,928.6305621153941,0.2270382182555375,normal,0
16.88065201323461,53.300880892732124,14.927114421577432,61.808460689222635,915.0015377475272,normal,0
72.59772150809067,94.71923257750302,27.117652262027434,92.36052811137851,843.879411230929,normal,0
22.138322204058284,79.1874729080116,28.49527262335185,162.79098920622937,742.2922314869471,normal,0
18.910755143584883,62.293652249635926,46.30578022826512,595.2128341268748,167.81459564602864,normal,0
18.9625928241344,36.031557766861994,66.05833049475206,150.47227100599747,120.36357620998605,normal,0
95.8523125579082,96.92257906853133,93.46958950377586,968.0763814507335,67.60474947238315,false_data_injection,1
61.54176375917701,54.79852443249039,14.338333708537046,446.7145272585203,724.0291887729212,normal,0
49.46056110537514,46.217087630681576,81.83423507411528,501.5179603501664,928.8079606878853,normal,0
35.50059115049771,21.110382022916955,80.70432393205841,246.6586158054065,430.535820913037,normal,0
98.38308616776253,96.81701965999713,99.38181172524722,470.9602524347335,119.14067199604817,false_data_injection,1
38.357834130924005,48.23169514981242,84.34959261731655,661.9136326370116,512.3928207321065,normal,0
74.41095235508405,26.542913504765032,50.83617496001972,751.1771369540428,348.83190745863016,normal,0
42.326467228468566,41.259544824569616,82.20762626899045,753.868082709913,374.8249243499977,normal,0
37.04027650111714,45.201028964958795,15.670378046256308,577.8911126940883,621.3306241557073,normal,0
44.32778178191655,80.34072112318431,37.42605611960285,904.3597749938572,718.7181132622023,normal,0
30.617119303952077,72.35722234771917,26.903595100507438,817.4078473061094,110.60359887316085,normal,0
97.84652492206101,98.15861209163292,95.18747847114709,757.0481146986255,35.590230806476384,false_data_injection,1
47.73123315786073,10.937657476435014,20.560221166950704,55.605521680460626,994.3303026857149,normal,0
24.73807908747947,45.37308984527973,56.68102311744975,6.877962219649314,232.72834891555183,normal,0
81.46383872833832,50.914252889002505,68.59913918104789,212.44727719547296,53.830524908459076,normal,0
97.15903547553889,98.90889912964363,94.84173032163407,663.5235939134523,189.87532909591997,false_data_injection,1
51.20199319468903,32.08412274332791,21.022203219115724,411.1974888825458,38.95784634846422,normal,0
82.05012943198649,74.62463496538147,70.83428274501031,402.4062592993117,391.81089461717164,normal,0
58.06022965268933,21.65432498696492,57.69660303727964,884.5868882296137,802.4017844513243,normal,0
14.936333460210946,55.50136117347029,39.112427959524666,895.5628481318387,341.2444497577206,normal,0
84.88573050714538,28.29215912146519,60.55977216520472,909.1752640535857,444.18340687836655,normal,0
58.35518451107052,11.030265844730929,29.492873443212464,313.8780765150273,675.5867735674387,normal,0
33.46697724585232,30.502123895961027,35.88941563706579,691.0558127392618,508.8940700698802,normal,0
16.838126176387917,92.94926916735457,78.81143823489927,271.63318127436963,861.4456860213243,normal,0
72.49214108797516,78.13065451005411,31.78783792535653,190.6098330744498,866.0356750457565,normal,0
57.70618425392365,91.56401476728784,45.249120111845244,184.6324573473692,9.910695491153643,normal,0
95.06001513636342,97.76407437859174,97.40663581066626,342.10762086359404,778.0463064831991,false_data_injection,1
80.9808695593314,19.327576887587796,63.07910127006456,429.9576197798217,460.73360024167386,normal,0
72.03076295408512,56.5765565627639,14.665241962352706,830.9491710550684,988.840541303663,normal,0
17.892364777283852,48.622073437596676,21.047728320922776,119.8910934727121,483.23207587543516,normal,0
31.4963757626216,81.77035203286735,10.588119307893761,734.9258473948942,986.8959453882975,normal,0
26.121576884229587,18.33701936666079,57.31913426718725,531.4549141893053,754.5693612057366,normal,0
68.23543486867754,51.50049664685115,43.575506905781374,287.9453426759925,248.60488461330633,normal,0
95.66708167761604,98.45821700986659,97.9501153692847,492.8195845328246,538.3949792869577,false_data_injection,1
53.44062321406191,37.5974537856551,81.84505907925778,299.94206977702265,992.1356394785828,normal,0
69.8089882879587,72.67535157796297,49.72447929592149,596.081955238306,857.5306077519236,normal,0
79.5250791247487,50.46154099634516,28.14199705846669,433.8439228552442,97.3668937912211,normal,0
34.07694864085214,41.95050423739039,47.54526783660307,164.40552907887874,706.3719968099961,normal,0
98.80200033643742,98.38199184455003,93.00966319631621,116.58307455569673,345.57958587081305,false_data_injection,1
14.403697641192615,49.05297531450886,15.717941348017336,546.6956820721301,6.982261880348117,normal,0
76.94844479743405,76.72640622614983,30.602786128591898,902.4130332861034,403.4809690269996,normal,0
15.836536298218505,85.82719855991992,70.52241181629952,343.9576865576856,234.7544217249713,normal,0
38.76941969763122,91.2034483528339,44.474865280199595,733.0001072226232,818.8692705204716,normal,0
72.77010609126206,76.88678783170009,50.99328565242212,658.661354939767,337.3306088457655,normal,0
17.742981324645772,36.80958613858108,42.461200165710196,931.554914309481,827.5236939538171,normal,0
24.486368594774525,68.49145001735607,13.292495698225384,820.9810172991408,0.5979388347953085,normal,0
66.39146831341063,47.19626554470831,22.431233486511694,566.605258905463,307.81915002611913,normal,0
66.20310560641633,31.64700287391435,43.41562290564182,657.0304982341073,241.16521430776194,normal,0
99.61301878546979,98.81106029157088,95.917169688924,898.3864665840349,233.56736106861098,false_data_injection,1
63.9856177797035,13.266239661797625,13.748427149475905,399.51878458693477,68.1866197654627,normal,0
51.131577684545675,86.649769331511,73.27372480388678,326.7947058577774,187.12427041050174,normal,0
26.402920007090984,49.2255844931024,83.58943968730868,10.81108363519634,555.5495698856199,normal,0
98.412558650581,98.31116079164796,97.15322310529136,826.5510741914642,291.3610728377445,false_data_injection,1
20.435805928121184,66.04508338749153,74.03386912785002,800.9807004033648,417.394782329148,normal,0
97.26412402642164,96.39347157964264,99.5887187319041,104.45451810015139,376.8668803471885,false_data_injection,1
98.54835671752262,99.91855791604576,90.50175350319974,576.8573811327002,875.9049249998945,false_data_injection,1
39.072370424909394,62.18435470460525,24.76942783400713,463.9816981668874,905.2989990105154,normal,0
44.27049330975128,15.665423447658647,81.35723577713742,118.70909550911146,492.95697165586006,normal,0
85.5190838670043,54.064681865342344,84.61144704744633,980.5682270607235,330.1559503156044,normal,0
18.034869264866817,22.76436506944854,63.379210430953655,214.69588746335543,106.80070400236363,normal,0
99.5496507907986,98.58630937932878,95.82070131124223,67.23418009056115,953.402879382095,false_data_injection,1
48.00053770517961,53.53886326907733,52.71548346753278,594.8473795019096,60.226944900297454,normal,0
56.97361001194506,67.81936123271004,29.465633738206776,738.8666771330327,297.65027756828044,normal,0
6.539365624771444,13.542196551202663,42.77469142492156,32.44344604718697,298.06620117000415,normal,0
79.13053226025288,17.207321363893275,54.517070153408945,658.7176387270222,320.4012861402149,normal,0
84.23005401110706,70.887487985328,15.481117152026124,532.2918759514545,164.28684327240927,normal,0
99.02587198680189,95.92888477349354,90.84966289889466,103.26500887504841,783.1614309236971,false_data_injection,1
64.21532002953583,16.05682186004698,83.58833775717208,172.52387694636207,122.49786196598922,normal,0
83.41244740007014,11.029220394965433,24.25807373377957,567.9742973160805,634.9066591531628,normal,0
65.11528391663887,91.3026188554558,69.44463372162875,296.35761351328836,123.84602670581745,normal,0
17.965818647712215,72.6882105540156,78.09240953347145,938.315728651316,70.53563759295656,normal,0
53.98451061417912,40.026369722675454,80.77761946151657,818.7402294840508,909.4295036858765,normal,0
56.57077894254275,35.20552440945069,82.01017033040854,983.567206513663,190.1287663187057,normal,0
97.19565330402425,95.19973986643048,93.62293490000205,259.670838950414,821.2501545597042,false_data_injection,1
98.63509263507066,98.46460114612394,99.873684723122,969.7236327979771,544.6308711071358,false_data_injection,1
84.42119625536627,66.21650194098522,66.79826553508292,431.2338697915579,77.8565196087696,normal,0
83.67332359707599,25.741623268734774,22.12535771777214,347.51879531375465,955.4481914380675,normal,0
43.32134656935123,24.79929350339717,45.76750798509775,50.34952696935324,246.96116699189253,normal,0
14.625233896464197,18.363630225638772,63.874838152900296,52.76525785960262,859.6453453526065,normal,0
88.71150191179844,66.12573117461375,28.55052368643125,692.0112559466547,168.81000578456417,normal,0
76.3063373479044,74.97167628884756,58.04613876616655,457.9289944340279,853.9428821418529,normal,0
98.55175750356166,95.56251565263315,97.35920406373948,226.52162603610572,13.228812905293985,false_data_injection,1
97.17507297170111,96.46327548833703,95.45427950211713,613.9703063252326,511.7804565694807,false_data_injection,1
78.9411907752809,16.984591735496323,52.38139843395672,252.85811825011118,769.4425794215568,normal,0
49.10123485571613,92.2681029618276,67.87201832339558,577.6317543444226,934.7955174927833,normal,0
55.25841203831899,35.11280608558072,47.41717484019564,359.20874698269034,909.202136206487,normal,0
38.915229828961074,75.38396756624135,10.907733758208057,823.552226611819,819.624869547645,normal,0
96.93611570605104,96.4138272853005,93.0449042435403,820.6961607667793,888.1913496613041,false_data_injection,1
33.49176553990158,42.46486937049615,36.777200797750915,477.3503981224013,199.2196858370765,normal,0
73.24254313083097,27.483417286622185,79.46455513238365,350.8191093350156,284.18429571172874,normal,0
5.393721955391243,20.317845543549545,27.15075847027066,362.55979655909454,288.96852492105853,normal,0
33.34742959374725,62.276102283303665,57.57727666537654,805.7145256682179,377.0539310016988,normal,0
38.84433895523018,75.84387135421198,26.655690301999044,328.179482797612,393.3206703851887,normal,0
98.98999017609611,98.69273026698482,90.63794556253598,209.05937370684603,544.5553246546755,false_data_injection,1
83.18772739508464,55.075681326178454,73.6031567201113,84.68834187530683,159.87976336644138,normal,0
34.43940952110671,13.565853991689082,64.66460817024601,466.6931208844084,691.2466637859893,normal,0
95.46224758518534,97.28950147563536,93.94479390838858,482.1320989198419,167.56653930450648,false_data_injection,1
67.68760608932861,77.89070629063885,42.152651573982524,840.9087104029071,310.3084821045475,normal,0
43.438524975633605,34.889873119582006,12.187732273394836,221.23869644606398,503.34513060615404,normal,0
95.04913776284894,97.04591293729244,93.29379269302076,380.9912736683999,796.4405615234773,false_data_injection,1
97.38491696308827,96.9460430931172,98.8742453537036,808.4057388936909,739.4692332387273,false_data_injection,1
16.97284673228299,59.50592594761595,18.887696769861368,823.6236107489735,645.5343564105223,normal,0
19.99289385302898,73.58622025151023,31.666370418187427,384.6110759787682,155.77326058017016,normal,0
47.36126068285578,79.0004319876617,39.83774691266177,459.1240232866809,547.0453456155777,normal,0
40.60866320788657,65.80068162317772,78.96482684920373,303.2858908492829,87.44650179988544,normal,0
95.6972511810258,97.84603231564714,98.67979626730903,932.5548784193121,377.36317679665075,false_data_injection,1
35.80348142491381,38.752738009532365,13.368347424671189,118.64376574158031,413.5165302899592,normal,0
54.350009773633694,88.88710942771422,67.0755942621544,933.7494230014701,39.81143944575383,normal,0
58.742464473160084,29.092327006727412,37.879304980175746,683.8664518353432,273.9880994699718,normal,0
95.89581959145076,99.45570045896754,94.60355373134827,531.5721526867312,955.6494672664894,false_data_injection,1
61.4006766214204,46.72653505025666,66.5698730010267,32.65906078449588,953.6326078296895,normal,0
20.13305718392887,47.34942412402844,78.88198241090565,475.5961918220083,352.3270542525393,normal,0
86.69097698490368,62.09986451203467,81.31964458769113,407.7481050027323,43.100108948324056,normal,0
17.636331859014604,90.16144620830015,53.284193952874055,161.21881197512255,179.09493932818154,normal,0
40.24305051679702,30.45888050576292,36.78408694753771,656.4096035006569,392.2177934335401,normal,0
97.4250899376202,95.4270151508136,99.72461390027902,971.1509073682857,947.7796979692298,false_data_injection,1
89.73431140690552,26.78499163809467,28.825103744672518,562.1888110645251,141.1990635371849,normal,0
47.68657587815562,85.38861651778791,52.305552162513834,714.7532764439458,763.5158436682123,normal,0
55.60772647220372,64.89391907569251,36.89338461436549,68.45045256601678,108.68253937469208,normal,0
10.701500578016336,34.30207708532861,59.24733052809071,417.66699581699476,981.2575773912769,normal,0
68.74663998393011,79.35548981233246,28.02991846701302,116.35848516449587,381.61649910913496,normal,0
22.84197541312479,83.21644969089206,24.36947093011193,612.7958355365104,775.234538899056,normal,0
81.33461460246068,81.95371878867363,78.86793150065778,938.4821582141545,342.5910828111318,normal,0
22.43686944097061,88.10875535936214,17.635276221215268,661.7777324716385,627.6688771588088,normal,0
99.14092934661727,98.130273544904,90.75278716651674,76.80304831442153,192.01608474003672,false_data_injection,1
96.0587293102621,95.20748662754953,93.2206753519573,354.66620498508286,146.02101929696255,false_data_injection,1
45.12569033434993,49.1458572683019,12.919747249425058,550.6633794408515,938.0641395681313,normal,0
97.05572168239993,98.52015726295828,92.17452932217236,403.2077561332522,917.6472779044335,false_data_injection,1
10.585234351409952,71.92170755873713,23.14163290793705,833.6440104751723,887.4689402128823,normal,0
70.9198474190759,75.99803295247659,75.00777658795002,814.6710047099892,625.4334501665935,normal,0
95.66642129041087,99.63872866537703,98.67702097919239,611.8310201032215,808.2682112162782,false_data_injection,1
49.573172892844305,25.081445404925084,81.28443779314718,373.4579451327053,69.03693691137491,normal,0
42.464833489749395,56.327288106239756,53.62167197418952,255.33637376324413,334.78904189067913,normal,0
39.06486017440271,93.6969278595832,42.74606423265746,105.87431821312931,313.7031247571562,normal,0
52.56942816119852,89.6779856522551,53.5066626002091,354.89768348655406,635.6453219526132,normal,0
18.195420904110563,13.669767542745992,48.75237889197008,413.1725172077195,355.9577734706405,normal,0
20.463891092098045,24.009259337002156,66.90821903179938,675.8229251040736,148.5067816436808,normal,0
78.25177778614898,21.196945743637762,31.18720494796392,658.1598242975734,596.4670754135437,normal,0
85.41981428135878,71.70829234875012,36.47877937002268,70.10813964125695,814.3839206690815,normal,0
99.64277766447069,98.2054305179108,93.11652916654648,395.2593154311578,382.1234944599732,false_data_injection,1
28.01329721720207,28.148466136407112,80.9842384862804,181.77886721736192,132.2687150984817,normal,0
98.25093583222827,99.91241290300624,99.11818569539447,156.81270531680568,196.68819731282306,false_data_injection,1
39.742404543338196,81.459757380952,41.45859954679852,827.3021497372459,237.48330516938398,normal,0
7.157840231129313,72.2881313051313,68.52741272551613,41.91521671625753,299.89759299453624,normal,0
18.27297077612618,56.0901624668071,45.72517999758241,419.18287590212134,642.7950705063091,normal,0
97.84134308134384,96.37332934893952,94.74434914147174,168.20365576651818,600.945484537719,false_data_injection,1
95.24647246382209,96.93143852572773,93.5347319206072,879.330215678474,696.0798615670392,false_data_injection,1
7.303159362796096,35.29161836209975,54.33477274438874,557.0405132750351,362.5019845315132,normal,0
23.867633764300702,58.02686939301637,23.960192331501094,231.38063637684803,823.9976518799783,normal,0
24.641357709986067,68.5552506742577,34.86735243003953,502.4272871663764,204.08766115576026,normal,0
62.110883205891916,84.23244784816865,74.12726512149514,731.4863597031158,469.0407475181539,normal,0
97.59005215688049,98.07093122159506,92.36609782707507,958.1180089194338,800.9387215414303,false_data_injection,1
13.849229468688776,74.69533064866843,15.336871388007461,220.44600424541895,180.15864773261924,normal,0
72.9928672567211,23.606088971138703,15.175569445961223,886.1817721293452,109.86311374078295,normal,0
20.17629627461836,49.23238532568214,80.5588390377331,934.3041141674903,883.6839676879897,normal,0
60.48341916740935,10.79318768530293,48.019032847137595,916.4205445320662,342.9296627591959,normal,0
98.23203687614044,97.29181739713152,95.28707319884053,635.4143568619098,683.870124909032,false_data_injection,1
13.452518384544339,71.74924578460542,70.81589357559389,629.8206544347076,25.34860426393848,normal,0
25.669636234953597,94.30384586469589,72.6869445932887,403.2106331838228,690.0468884094496,normal,0
66.39268920773102,18.43013846491335,34.91432748367035,752.3978823037879,316.1013115469705,normal,0
77.73419978903429,44.1270168482095,62.02135431053464,531.2940183509319,55.74085358744174,normal,0
99.83484257309158,97.85599591981457,98.63431577789385,677.4380712282945,609.812761548117,false_data_injection,1
38.76060001756866,27.343028943456403,59.09880151494659,428.45790384879547,240.80381607317324,normal,0
61.78723660850493,57.18222069069433,21.369630610007455,731.4964640431391,386.80724205188,normal,0
22.423665110344782,72.31106016252235,75.69123126377927,824.471517604549,80.58081228651359,normal,0
29.917557072186128,62.35876327211522,50.432091455200656,146.43625660281612,147.16325109494534,normal,0
81.18854457429518,25.98210244231037,31.185431977750277,832.929715574228,297.9772354958438,normal,0
6.105163498412563,40.20768833828785,41.89211390782704,540.2965317903072,89.75950056015714,normal,0
12.268225122629786,76.62230168125876,12.817831779918054,844.6659090902243,910.8262646863152,normal,0
22.67033168741232,57.10925370122141,19.590010091681314,431.3017063410146,6.047043183978418,normal,0
7.255237329274676,10.444517151147583,67.41600628868957,379.04048538303505,483.86021886431143,normal,0
20.42201198263277,74.68421460238798,10.000872606652461,915.0607325172224,123.24745813255144,normal,0
54.55853268242384,13.001465169920321,41.242437136171915,251.1692675484013,307.67908947794854,normal,0
40.82108680036232,73.38737153215473,49.188263581419136,844.2123252861431,926.0595598182655,normal,0
80.87709544154286,27.21084761404518,14.097581500072922,484.02057250940413,161.69455327398686,normal,0
74.48270274776748,91.43624581014731,82.98086222292497,514.0954425512597,965.8323197183327,normal,0
34.054474894319455,41.27496386067718,26.959399843725397,308.468281489484,205.79437698942172,normal,0
27.05099184165986,37.78918738873672,32.81490397272107,573.0422006190157,741.5661084668296,normal,0
37.27385469421769,22.655484278257795,32.795688419127046,325.2111962762113,546.6772648973117,normal,0
55.17507011375866,35.97635831666827,27.281249658801244,39.26941424165231,884.4787275967592,normal,0
27.785409469944483,84.51531475539704,10.110536656473355,271.99860534435606,553.993255503131,normal,0
58.05265716717639,94.68841869831603,64.70085955659972,6.379043406590679,534.5592191563087,normal,0
39.799990436255435,41.306310093082104,82.5134124849464,978.3547870568566,195.4580003683999,normal,0
51.92401037241832,48.13190363113612,26.82201124637838,965.7472098197475,166.2293620516587,normal,0
98.01622711342014,96.1363052677983,95.43787070391747,395.15529747230505,916.4891511155142,false_data_injection,1
30.029589561063002,85.32664133953134,65.64222452190364,728.370854339646,327.8381988500341,normal,0
85.61853109178332,60.40876840587665,73.63190343178935,345.80609841042497,372.08225496289595,normal,0
69.90649250357967,43.27968434511549,41.697189776020686,671.093157085976,759.8236584283884,normal,0
96.88493083643421,98.01606531049752,90.79715073187285,805.4300430459791,338.82348242280733,false_data_injection,1
78.81977795132259,69.12754245222858,34.39713505172733,946.7562446922408,952.0624466390027,normal,0
46.431651851208656,10.273552406363688,63.44659998238846,400.212275849672,737.9277689988003,normal,0
81.03693928599778,62.66509368408646,71.2584599879227,783.2979829560477,597.42924257342,normal,0
98.98902340670536,99.32183133227987,94.56888071737266,265.92845063211877,880.8951605447525,false_data_injection,1
96.37549440779563,98.19553923497354,93.40961973642989,990.3323037936483,49.60590834948275,false_data_injection,1
6.909891207209979,17.904204384966235,77.64551475618626,25.769598764351144,257.06269218920875,normal,0
27.837575547720416,59.99719269061319,70.50201397710543,603.5288065011209,465.03633422090996,normal,0
51.03890824617369,50.88269564032052,83.86438020718569,659.5059816513271,226.97853947152103,normal,0
95.83092499804874,96.6636473825519,99.39924372885709,688.0455570741289,743.905187302152,false_data_injection,1
26.920453261822193,15.51255553105231,39.489640077094165,120.387578789089,919.2080310537252,normal,0
16.84526629619005,59.29862193139116,54.29783754959783,938.5297834731305,423.7701199309234,normal,0
75.96907012794043,57.72618997655952,59.576069068549025,181.1832790500828,342.13260011189493,normal,0
98.21953978533882,99.171623978747,95.77353401219668,622.7534032398411,961.5507321375662,false_data_injection,1
49.68366549572829,61.29645166069866,50.83727193278988,222.67607912308495,444.85243282754084,normal,0
97.40279970418133,95.34376953211243,95.49717255163311,307.2164170212709,489.04840044928324,false_data_injection,1
28.14612275414636,78.42406497286542,22.54909780007953,546.4585417281244,351.6498723419054,normal,0
6.563207506534672,32.934761210898216,68.54737880691678,417.19341856457646,909.5484730121384,normal,0
82.71539855764242,80.12919986530528,53.782958538558375,160.22560097650629,568.9554832818508,normal,0
99.88308818657505,96.88600891228819,98.01840168452806,170.93640242084828,762.1745871816447,false_data_injection,1
96.60498522820448,97.63047006625771,96.87769206365735,418.14478816279967,811.8067183508864,false_data_injection,1
98.90024043520022,97.35813182597632,92.2748160369354,757.2829782755007,341.8490419172582,false_data_injection,1
96.70002193029946,99.34824842406086,90.88134430976692,897.9646468477886,433.69433132038006,false_data_injection,1
60.370733009908456,76.71624305447475,32.2419934154448,84.12766225938284,848.4717744062647,normal,0
75.52805331511213,70.15287945297784,63.58181230534316,393.1039075594011,363.25535167581023,normal,0
22.54580809965127,77.03227199715455,66.92539618914483,100.24556372287662,793.9351334518512,normal,0
5.9346454359708405,53.96786979753679,17.688697304985585,16.592480632597884,940.9923225744371,normal,0
16.63527855584862,47.4169148262167,48.53908481550758,661.7186826439566,623.210373068007,normal,0
95.34018657045834,96.58452068860312,92.66794549433831,602.4494419665878,741.6272874518888,false_data_injection,1
79.2806565928138,37.89638405679148,37.69605776616558,163.0191138148862,805.0973120411348,normal,0
96.71513356295011,99.94062037977318,94.85230455765357,233.8128330930641,845.0396488966425,false_data_injection,1
56.04393313686054,17.531036522767465,72.0629739904916,23.70775364451838,395.05333785679596,normal,0
97.68770071820173,95.07098317235862,92.57631998763529,834.9472056944037,51.26345917599817,false_data_injection,1
98.46688769259426,98.8312273638019,93.04094635971283,974.6905960485515,401.8762712367395,false_data_injection,1
82.72501540362158,72.53136471033113,44.628710785983934,135.4595367946908,673.7562297840898,normal,0
40.59549461582621,94.85953846840071,79.0745890822432,231.47521376529812,450.3503857807928,normal,0
99.38563780949251,97.64094630878178,94.67260996007502,868.4095239469341,748.9631508603985,false_data_injection,1
49.10800494904119,64.61804196049128,64.67357962418623,926.4637979561849,356.9824294686639,normal,0
8.992107175879678,45.80608452999612,74.6268177840509,419.6273828068103,634.7441411040295,normal,0
19.13408634426675,64.07507600019977,30.555369200664327,50.62247226907412,186.41980485397457,normal,0
67.73285739624149,76.78038753681972,70.53031779000273,39.391833692819404,749.369436644957,normal,0
12.03788677363575,20.058576228487922,24.643045221736905,573.9498660690105,545.6959688130258,normal,0
56.267929304643,44.8419156241845,35.90064641836659,392.89510889317904,204.06438854660058,normal,0
25.85467432291228,81.38319427902746,35.1707840702382,28.652427577654514,291.9111734978073,normal,0
38.09012719356801,42.62580091430874,83.38941012918555,583.2523923125568,748.6087085818324,normal,0
29.53896762550949,58.609143054310856,74.24029178109451,11.302536589022472,482.60123566152066,normal,0
35.23218089952068,59.96039567328685,62.58773961926948,787.3719581492729,216.03144039307222,normal,0
66.11890194066086,25.680481516359343,64.52925712115426,306.4328227033716,967.2711903702976,normal,0
30.255345827969876,40.79001254044451,52.15545958019283,40.2580030092321,715.125019816888,normal,0
53.144394425236264,38.43345954306423,81.03180003313894,588.3522209831533,957.1348325397961,normal,0
45.46428418692347,12.226720225225508,47.21940646617711,397.6844144330547,427.10504536034324,normal,0
61.41204905582509,12.056299930765196,38.53882824024209,973.8004133571495,475.1003406917205,normal,0
84.63052784260442,80.69424871244074,22.227650269869326,544.1986625037022,897.9552161850191,normal,0
67.26862826287127,33.211018847689054,68.96542391957935,275.2391810370083,525.0493402453847,normal,0
23.269932180214326,54.036695130299314,65.08329490566936,709.4388646339747,707.2789119056672,normal,0
7.650566480209197,35.39167375504571,38.82662788931012,271.4920025427113,252.17287749552997,normal,0
27.29244376548513,89.95773583480394,11.889506046942202,904.2432914075652,446.72646870264055,normal,0
55.58162410952166,32.040224503590764,72.92479957885081,374.72197050737645,123.4498658103551,normal,0
9.37119414616128,46.520829082809485,10.856348759055523,549.8685627762052,205.98003587696167,normal,0
47.19113101210509,84.18207129119115,62.77748347217882,50.57310382422886,0.943415267631087,normal,0
55.73164215793558,81.56435317730373,82.76928322945427,426.1212379522308,39.26505164866023,normal,0
33.41073071944167,25.81862051693357,42.82459961111526,832.363539660995,977.2838231769293,normal,0
70.52753731839486,78.22468133263538,27.623005374696458,805.6488053633419,242.3536951367623,normal,0
14.060851516370603,48.94588537272087,62.86532575325363,224.31855885352624,663.3107095040019,normal,0
11.386711447543744,51.05235412725519,71.28461065116889,226.07907101056267,839.0996987996116,normal,0
66.89604427730629,21.34579765535522,50.98227370583855,817.3053122132368,550.6604592365643,normal,0
47.11676187752687,16.851128669355596,82.52764564421096,930.3984201693255,153.1445000839562,normal,0
63.51420369635756,71.87484109277004,13.875154124347082,95.36092127300356,728.1164373361664,normal,0
41.96032378131843,52.19919795020048,47.85966987283961,450.0586394262253,600.251410099583,normal,0
25.944172825324078,47.13230972229026,63.884046049191255,337.454278964229,731.2505893473751,normal,0
74.62369700230698,72.00819943545372,74.69803533618843,870.6884554574393,769.7466228570871,normal,0
72.95034971236323,75.06859641424433,23.444170893084255,83.52491468001877,975.4103676847451,normal,0
99.98836131632329,96.31775739748389,92.7913047077427,211.1259425580374,573.56328002671,false_data_injection,1
28.13233666454683,61.869137705599506,51.4530306788909,752.4683375864944,341.6411126906018,normal,0
55.1696066838724,21.50509699360327,39.74152614924724,51.29384898121558,648.4645569002371,normal,0
35.682781239902276,73.86688231246887,19.878627143432016,492.53538071428926,68.44070924262613,normal,0
12.784476232763904,65.84118828270687,74.89718191816843,442.10703467972,897.3973183215863,normal,0
82.97165391429064,91.31224279209393,21.795490613478652,334.40117898874865,119.38101133819679,normal,0
16.629583628111718,15.8614313902958,33.23408944068244,394.57231531892376,327.84283788581826,normal,0
85.7701750747682,14.849651297856617,31.753414897182765,529.9405869302329,815.7453806261209,normal,0
42.91049070142624,33.98590134892201,75.35605256431407,161.3673583883831,597.3123783307118,normal,0
